timestamp;rssi1;rssi2;rssi3;rssi4;rssi5;rssi6;rssi7;rssi8;
19:24:20.312;-80;-80;-52.5;-80;-80;-80;-80;-80
19:24:20.312;-80;-80;-80;-55.5;-80;-80;-80;-80
19:24:20.375;-80;-80;-80;-55;-80;-80;-80;-80
19:24:20.546;-80;-80;-53;-80;-80;-80;-80;-80
19:24:20.546;-80;-80;-80;-57;-80;-80;-80;-80
19:24:20.625;-80;-80;-53;-80;-80;-80;-80;-80
19:24:20.796;-80;-80;-57.5;-80;-80;-80;-80;-80
19:24:20.796;-80;-80;-80;-56.5;-80;-80;-80;-80
19:24:20.875;-80;-80;-58;-80;-80;-80;-80;-80
19:24:20.875;-80;-80;-80;-58.5;-80;-80;-80;-80
19:24:21.062;-53;-80;-80;-80;-80;-80;-80;-80
19:24:21.062;-80;-60;-80;-80;-80;-80;-80;-80
19:24:21.062;-80;-80;-54.5;-80;-80;-80;-80;-80
19:24:21.125;-80;-80;-80;-55.5;-80;-80;-80;-80
19:24:21.312;-80;-80;-57.5;-80;-80;-80;-80;-80
19:24:21.312;-80;-80;-80;-57.5;-80;-80;-80;-80
19:24:21.375;-58.5;-80;-80;-80;-80;-80;-80;-80
19:24:21.375;-80;-80;-80;-57.5;-80;-80;-80;-80
19:24:21.531;-80;-61;-80;-80;-80;-80;-80;-80
19:24:21.546;-80;-80;-57.5;-80;-80;-80;-80;-80
19:24:21.546;-80;-80;-80;-57.5;-80;-80;-80;-80
19:24:21.640;-54;-80;-80;-80;-80;-80;-80;-80
19:24:21.781;-80;-80;-56;-80;-80;-80;-80;-80
19:24:21.796;-80;-80;-80;-55.5;-80;-80;-80;-80
19:24:21.875;-80;-80;-80;-56.5;-80;-80;-80;-80
19:24:22.078;-54;-80;-80;-80;-80;-80;-80;-80
19:24:22.078;-80;-80;-55.5;-80;-80;-80;-80;-80
19:24:22.078;-80;-80;-80;-56.5;-80;-80;-80;-80
19:24:22.140;-54;-80;-80;-80;-80;-80;-80;-80
19:24:22.140;-80;-60.5;-80;-80;-80;-80;-80;-80
19:24:22.312;-54;-80;-80;-80;-80;-80;-80;-80
19:24:22.312;-80;-60.5;-80;-80;-80;-80;-80;-80
19:24:22.312;-80;-80;-58.5;-80;-80;-80;-80;-80
19:24:22.312;-80;-80;-80;-56.5;-80;-80;-80;-80
19:24:22.375;-54;-80;-80;-80;-80;-80;-80;-80
19:24:22.531;-54.5;-80;-80;-80;-80;-80;-80;-80
19:24:22.531;-80;-80;-59;-80;-80;-80;-80;-80
19:24:22.531;-80;-80;-80;-60.5;-80;-80;-80;-80
19:24:22.625;-54;-80;-80;-80;-80;-80;-80;-80
19:24:22.625;-80;-61;-80;-80;-80;-80;-80;-80
19:24:22.734;-80;-80;-52.5;-80;-80;-80;-80;-80
19:24:22.734;-80;-80;-80;-56.5;-80;-80;-80;-80
19:24:22.875;-61;-80;-80;-80;-80;-80;-80;-80
19:24:22.875;-80;-80;-53;-80;-80;-80;-80;-80
19:24:23.000;-80;-80;-53;-80;-80;-80;-80;-80
19:24:23.000;-80;-80;-80;-55;-80;-80;-80;-80
19:24:23.125;-80;-80;-53;-80;-80;-80;-80;-80
19:24:23.234;-80;-80;-54.5;-80;-80;-80;-80;-80
19:24:23.250;-80;-80;-80;-55;-80;-80;-80;-80
19:24:23.375;-80;-80;-53;-80;-80;-80;-80;-80
19:24:23.515;-55.5;-80;-80;-80;-80;-80;-80;-80
19:24:23.515;-80;-80;-53.5;-80;-80;-80;-80;-80
19:24:23.515;-80;-80;-80;-57.5;-80;-80;-80;-80
19:24:23.625;-80;-59.5;-80;-80;-80;-80;-80;-80
19:24:23.625;-80;-80;-59;-80;-80;-80;-80;-80
19:24:23.859;-53.5;-80;-80;-80;-80;-80;-80;-80
19:24:23.875;-80;-80;-57.5;-80;-80;-80;-80;-80
19:24:23.859;-80;-80;-80;-57;-80;-80;-80;-80
19:24:24.093;-80;-80;-59;-80;-80;-80;-80;-80
19:24:24.093;-80;-80;-80;-55.5;-80;-80;-80;-80
19:24:24.125;-80;-80;-60;-80;-80;-80;-80;-80
19:24:24.328;-57;-80;-80;-80;-80;-80;-80;-80
19:24:24.328;-80;-80;-58;-80;-80;-80;-80;-80
19:24:24.328;-80;-80;-80;-56.5;-80;-80;-80;-80
19:24:24.375;-80;-80;-59.5;-80;-80;-80;-80;-80
19:24:24.593;-57.5;-80;-80;-80;-80;-80;-80;-80
19:24:24.593;-80;-80;-57;-80;-80;-80;-80;-80
19:24:24.593;-80;-80;-80;-57;-80;-80;-80;-80
19:24:24.625;-80;-80;-57;-80;-80;-80;-80;-80
19:24:24.750;-61;-80;-80;-80;-80;-80;-80;-80
19:24:24.750;-80;-80;-80;-55;-80;-80;-80;-80
19:24:24.875;-80;-80;-54;-80;-80;-80;-80;-80
19:24:25.031;-80;-80;-80;-52.5;-80;-80;-80;-80
19:24:25.125;-80;-60;-80;-80;-80;-80;-80;-80
19:24:25.125;-80;-80;-52;-80;-80;-80;-80;-80
19:24:25.234;-80;-80;-52.5;-80;-80;-80;-80;-80
19:24:25.234;-80;-80;-80;-53.5;-80;-80;-80;-80
19:24:25.375;-80;-80;-53.5;-80;-80;-80;-80;-80
19:24:25.531;-80;-80;-52;-80;-80;-80;-80;-80
19:24:25.531;-80;-80;-80;-54;-80;-80;-80;-80
19:24:25.750;-57;-80;-80;-80;-80;-80;-80;-80
19:24:25.750;-80;-80;-58;-80;-80;-80;-80;-80
19:24:25.875;-56;-80;-80;-80;-80;-80;-80;-80
19:24:26.046;-56.5;-80;-80;-80;-80;-80;-80;-80
19:24:26.046;-80;-80;-80;-56.5;-80;-80;-80;-80
19:24:26.125;-80;-80;-58;-80;-80;-80;-80;-80
19:24:26.343;-54;-80;-80;-80;-80;-80;-80;-80
19:24:26.375;-80;-80;-53;-80;-80;-80;-80;-80
19:24:26.343;-80;-80;-80;-59.5;-80;-80;-80;-80
19:24:26.578;-55.5;-80;-80;-80;-80;-80;-80;-80
19:24:26.578;-80;-80;-58;-80;-80;-80;-80;-80
19:24:26.578;-80;-80;-80;-57;-80;-80;-80;-80
19:24:26.625;-80;-80;-58.5;-80;-80;-80;-80;-80
19:24:26.812;-52;-80;-80;-80;-80;-80;-80;-80
19:24:26.812;-80;-59;-80;-80;-80;-80;-80;-80
19:24:26.812;-80;-80;-80;-57.5;-80;-80;-80;-80
19:24:26.890;-80;-80;-58.5;-80;-80;-80;-80;-80
19:24:26.890;-80;-80;-80;-59.5;-80;-80;-80;-80
19:24:27.078;-55;-80;-80;-80;-80;-80;-80;-80
19:24:27.078;-80;-80;-57.5;-80;-80;-80;-80;-80
19:24:27.078;-80;-80;-80;-57.5;-80;-80;-80;-80
19:24:27.125;-80;-80;-52;-80;-80;-80;-80;-80
19:24:27.328;-80;-80;-80;-56;-80;-80;-80;-80
19:24:27.390;-80;-80;-54;-80;-80;-80;-80;-80
19:24:27.531;-80;-80;-80;-56;-80;-80;-80;-80
19:24:27.625;-80;-80;-56.5;-80;-80;-80;-80;-80
19:24:27.765;-58.5;-80;-80;-80;-80;-80;-80;-80
19:24:27.765;-80;-80;-57;-80;-80;-80;-80;-80
19:24:27.765;-80;-80;-80;-54.5;-80;-80;-80;-80
19:24:27.875;-58;-80;-80;-80;-80;-80;-80;-80
19:24:27.984;-80;-80;-51.5;-80;-80;-80;-80;-80
19:24:27.984;-80;-80;-80;-56;-80;-80;-80;-80
19:24:28.125;-60;-80;-80;-80;-80;-80;-80;-80
19:24:28.265;-61;-80;-80;-80;-80;-80;-80;-80
19:24:28.265;-80;-80;-51;-80;-80;-80;-80;-80
19:24:28.265;-80;-80;-80;-55.5;-80;-80;-80;-80
19:24:28.390;-61;-80;-80;-80;-80;-80;-80;-80
19:24:28.390;-80;-80;-53.5;-80;-80;-80;-80;-80
19:24:28.562;-52.5;-80;-80;-80;-80;-80;-80;-80
19:24:28.562;-80;-80;-53;-80;-80;-80;-80;-80
19:24:28.562;-80;-80;-80;-58;-80;-80;-80;-80
19:24:28.640;-52;-80;-80;-80;-80;-80;-80;-80
19:24:28.796;-80;-80;-55.5;-80;-80;-80;-80;-80
19:24:28.796;-80;-80;-80;-57;-80;-80;-80;-80
19:24:28.875;-52;-80;-80;-80;-80;-80;-80;-80
19:24:29.093;-52.5;-80;-80;-80;-80;-80;-80;-80
19:24:29.093;-80;-80;-55.5;-80;-80;-80;-80;-80
19:24:29.093;-80;-80;-80;-57;-80;-80;-80;-80
19:24:29.125;-52.5;-80;-80;-80;-80;-80;-80;-80
19:24:29.312;-80;-80;-51.5;-80;-80;-80;-80;-80
19:24:29.312;-80;-80;-80;-54.5;-80;-80;-80;-80
19:24:29.531;-60.5;-80;-80;-80;-80;-80;-80;-80
19:24:29.546;-80;-80;-50.5;-80;-80;-80;-80;-80
19:24:29.640;-80;-80;-56;-80;-80;-80;-80;-80
19:24:29.640;-80;-80;-80;-58.5;-80;-80;-80;-80
19:24:29.796;-53;-80;-80;-80;-80;-80;-80;-80
19:24:29.796;-80;-80;-52;-80;-80;-80;-80;-80
19:24:29.796;-80;-80;-80;-58.5;-80;-80;-80;-80
19:24:29.875;-80;-80;-51.5;-80;-80;-80;-80;-80
19:24:30.015;-60;-80;-80;-80;-80;-80;-80;-80
19:24:30.015;-80;-80;-80;-55;-80;-80;-80;-80
19:24:30.125;-80;-61;-80;-80;-80;-80;-80;-80
19:24:30.312;-80;-80;-51;-80;-80;-80;-80;-80
19:24:30.312;-80;-80;-80;-54.5;-80;-80;-80;-80
19:24:30.531;-80;-80;-49;-80;-80;-80;-80;-80
19:24:30.531;-80;-80;-80;-54.5;-80;-80;-80;-80
19:24:30.750;-80;-80;-50.5;-80;-80;-80;-80;-80
19:24:30.750;-80;-80;-80;-54;-80;-80;-80;-80
19:24:31.015;-80;-80;-52;-80;-80;-80;-80;-80
19:24:31.015;-80;-80;-80;-58;-80;-80;-80;-80
19:24:31.125;-53.5;-80;-80;-80;-80;-80;-80;-80
19:24:31.125;-80;-59.5;-80;-80;-80;-80;-80;-80
19:24:31.312;-80;-80;-53;-80;-80;-80;-80;-80
19:24:31.312;-80;-80;-80;-54.5;-80;-80;-80;-80
19:24:31.390;-80;-80;-55.5;-80;-80;-80;-80;-80
19:24:31.531;-58;-80;-80;-80;-80;-80;-80;-80
19:24:31.531;-80;-80;-55.5;-80;-80;-80;-80;-80
19:24:31.531;-80;-80;-80;-56;-80;-80;-80;-80
19:24:31.625;-80;-80;-58;-80;-80;-80;-80;-80
19:24:31.765;-53.5;-80;-80;-80;-80;-80;-80;-80
19:24:31.765;-80;-80;-58;-80;-80;-80;-80;-80
19:24:31.765;-80;-80;-80;-56;-80;-80;-80;-80
19:24:31.906;-80;-80;-53;-80;-80;-80;-80;-80
19:24:32.015;-80;-80;-53;-80;-80;-80;-80;-80
19:24:32.031;-80;-80;-80;-53;-80;-80;-80;-80
19:24:32.281;-55.5;-80;-80;-80;-80;-80;-80;-80
19:24:32.281;-80;-80;-53.5;-80;-80;-80;-80;-80
19:24:32.281;-80;-80;-80;-58;-80;-80;-80;-80
19:24:32.390;-56;-80;-80;-80;-80;-80;-80;-80
19:24:32.390;-80;-59.5;-80;-80;-80;-80;-80;-80
19:24:32.390;-80;-80;-59.5;-80;-80;-80;-80;-80
19:24:32.640;-54;-80;-80;-80;-80;-80;-80;-80
19:24:32.640;-80;-80;-58.5;-80;-80;-80;-80;-80
19:24:32.640;-80;-80;-80;-60;-80;-80;-80;-80
19:24:32.890;-53;-80;-80;-80;-80;-80;-80;-80
19:24:32.890;-80;-80;-54;-80;-80;-80;-80;-80
19:24:32.890;-80;-80;-80;-59;-80;-80;-80;-80
19:24:33.031;-58.5;-80;-80;-80;-80;-80;-80;-80
19:24:33.031;-80;-80;-53.5;-80;-80;-80;-80;-80
19:24:33.031;-80;-80;-80;-59;-80;-80;-80;-80
19:24:33.140;-80;-60;-80;-80;-80;-80;-80;-80
19:24:33.140;-80;-80;-56.5;-80;-80;-80;-80;-80
19:24:33.343;-80;-80;-55;-80;-80;-80;-80;-80
19:24:33.343;-80;-80;-80;-60.5;-80;-80;-80;-80
19:24:33.375;-80;-80;-52;-80;-80;-80;-80;-80
19:24:33.640;-80;-80;-56.5;-80;-80;-80;-80;-80
19:24:33.875;-59.5;-80;-80;-80;-80;-80;-80;-80
19:24:33.875;-80;-56;-80;-80;-80;-80;-80;-80
19:24:33.875;-80;-80;-80;-59;-80;-80;-80;-80
19:24:34.140;-80;-59;-80;-80;-80;-80;-80;-80
19:24:34.125;-80;-80;-80;-59;-80;-80;-80;-80
19:24:34.140;-80;-59;-80;-80;-80;-80;-80;-80
19:24:34.390;-80;-58;-80;-80;-80;-80;-80;-80
19:24:34.390;-80;-80;-60;-80;-80;-80;-80;-80
19:24:34.390;-80;-80;-80;-61;-80;-80;-80;-80
19:24:34.625;-80;-59;-80;-80;-80;-80;-80;-80
19:24:34.656;-80;-59.5;-80;-80;-80;-80;-80;-80
19:24:34.890;-80;-59;-80;-80;-80;-80;-80;-80
19:24:34.890;-80;-80;-54.5;-80;-80;-80;-80;-80
19:24:35.140;-80;-80;-56;-80;-80;-80;-80;-80
19:24:35.375;-80;-80;-53.5;-80;-80;-80;-80;-80
19:24:35.375;-80;-80;-80;-59.5;-80;-80;-80;-80
19:24:35.640;-80;-80;-54.5;-80;-80;-80;-80;-80
19:24:35.828;-80;-58;-80;-80;-80;-80;-80;-80
19:24:35.890;-80;-80;-80;-59.5;-80;-80;-80;-80
19:24:36.125;-80;-60.5;-80;-80;-80;-80;-80;-80
19:24:36.125;-80;-80;-80;-59.5;-80;-80;-80;-80
19:24:36.359;-80;-80;-80;-59;-80;-80;-80;-80
19:24:36.375;-80;-59;-80;-80;-80;-80;-80;-80
19:24:36.390;-80;-80;-80;-60.5;-80;-80;-80;-80
19:24:36.625;-60;-80;-80;-80;-80;-80;-80;-80
19:24:36.625;-80;-80;-54;-80;-80;-80;-80;-80
19:24:36.625;-80;-80;-80;-59.5;-80;-80;-80;-80
19:24:36.875;-80;-57.5;-80;-80;-80;-80;-80;-80
19:24:36.875;-80;-80;-80;-59;-80;-80;-80;-80
19:24:37.078;-61.5;-80;-80;-80;-80;-80;-80;-80
19:24:37.093;-80;-58.5;-80;-80;-80;-80;-80;-80
19:24:37.078;-80;-80;-80;-59.5;-80;-80;-80;-80
19:24:37.125;-80;-80;-80;-59.5;-80;-80;-80;-80
19:24:37.359;-80;-57;-80;-80;-80;-80;-80;-80
19:24:37.359;-80;-80;-54.5;-80;-80;-80;-80;-80
19:24:37.359;-80;-80;-80;-59.5;-80;-80;-80;-80
19:24:37.609;-80;-59.5;-80;-80;-80;-80;-80;-80
19:24:37.609;-80;-80;-56;-80;-80;-80;-80;-80
19:24:37.906;-80;-80;-55;-80;-80;-80;-80;-80
19:24:37.906;-80;-80;-80;-59;-80;-80;-80;-80
19:24:38.125;-80;-57.5;-80;-80;-80;-80;-80;-80
19:24:38.359;-80;-80;-53;-80;-80;-80;-80;-80
19:24:38.359;-80;-80;-80;-59.5;-80;-80;-80;-80
19:24:38.625;-80;-80;-59;-80;-80;-80;-80;-80
19:24:38.796;-80;-80;-80;-57.5;-80;-80;-80;-80
19:24:38.875;-54;-80;-80;-80;-80;-80;-80;-80
19:24:38.875;-80;-80;-80;-57.5;-80;-80;-80;-80
19:24:39.125;-54;-80;-80;-80;-80;-80;-80;-80
19:24:39.125;-80;-61;-80;-80;-80;-80;-80;-80
19:24:39.140;-80;-80;-80;-57;-80;-80;-80;-80
19:24:39.312;-55;-80;-80;-80;-80;-80;-80;-80
19:24:39.312;-80;-58;-80;-80;-80;-80;-80;-80
19:24:39.312;-80;-80;-51;-80;-80;-80;-80;-80
19:24:39.390;-80;-80;-80;-56.5;-80;-80;-80;-80
19:24:39.390;-80;-80;-80;-56;-80;-80;-80;-80
19:24:39.546;-80;-56;-80;-80;-80;-80;-80;-80
19:24:39.546;-80;-80;-50;-80;-80;-80;-80;-80
19:24:39.625;-80;-80;-51.5;-80;-80;-80;-80;-80
19:24:39.625;-80;-80;-80;-57.5;-80;-80;-80;-80
19:24:39.796;-80;-57.5;-80;-80;-80;-80;-80;-80
19:24:39.796;-80;-80;-57.5;-80;-80;-80;-80;-80
19:24:39.796;-80;-80;-80;-57;-80;-80;-80;-80
19:24:39.875;-80;-80;-55.5;-80;-80;-80;-80;-80
19:24:39.875;-80;-80;-80;-58.5;-80;-80;-80;-80
19:24:40.031;-80;-59;-80;-80;-80;-80;-80;-80
19:24:40.281;-80;-51.5;-80;-80;-80;-80;-80;-80
19:24:40.625;-80;-80;-54;-80;-80;-80;-80;-80
19:24:40.796;-52;-80;-80;-80;-80;-80;-80;-80
19:24:40.796;-80;-51.5;-80;-80;-80;-80;-80;-80
19:24:41.031;-49.5;-80;-80;-80;-80;-80;-80;-80
19:24:41.031;-80;-48.5;-80;-80;-80;-80;-80;-80
19:24:41.031;-80;-80;-52.5;-80;-80;-80;-80;-80
19:24:41.125;-50;-80;-80;-80;-80;-80;-80;-80
19:24:41.375;-50;-80;-80;-80;-80;-80;-80;-80
19:24:41.375;-80;-52.5;-80;-80;-80;-80;-80;-80
19:24:41.578;-49.5;-80;-80;-80;-80;-80;-80;-80
19:24:41.578;-80;-80;-55;-80;-80;-80;-80;-80
19:24:41.625;-50;-80;-80;-80;-80;-80;-80;-80
19:24:41.843;-50.5;-80;-80;-80;-80;-80;-80;-80
19:24:41.843;-80;-51.5;-80;-80;-80;-80;-80;-80
19:24:41.843;-80;-80;-80;-52.5;-80;-80;-80;-80
19:24:42.562;-80;-58.5;-80;-80;-80;-80;-80;-80
19:24:42.718;-59;-80;-80;-80;-80;-80;-80;-80
19:24:42.734;-57;-80;-80;-80;-80;-80;-80;-80
19:24:42.734;-80;-57.5;-80;-80;-80;-80;-80;-80
19:24:42.875;-51.5;-80;-80;-80;-80;-80;-80;-80
19:24:43.078;-51;-80;-80;-80;-80;-80;-80;-80
19:24:43.078;-80;-56;-80;-80;-80;-80;-80;-80
19:24:43.296;-57;-80;-80;-80;-80;-80;-80;-80
19:24:43.296;-80;-56.5;-80;-80;-80;-80;-80;-80
19:24:43.562;-80;-57.5;-80;-80;-80;-80;-80;-80
19:24:44.109;-56.5;-80;-80;-80;-80;-80;-80;-80
19:24:45.125;-56;-80;-80;-80;-80;-80;-80;-80
19:24:45.343;-56.5;-80;-80;-80;-80;-80;-80;-80
19:24:45.546;-56;-80;-80;-80;-80;-80;-80;-80
19:24:45.625;-80;-56;-80;-80;-80;-80;-80;-80
19:24:45.890;-56;-80;-80;-80;-80;-80;-80;-80
19:24:46.125;-52.5;-80;-80;-80;-80;-80;-80;-80
19:24:46.359;-53;-80;-80;-80;-80;-80;-80;-80
19:24:46.359;-80;-58;-80;-80;-80;-80;-80;-80
19:24:46.531;-53;-80;-80;-80;-80;-80;-80;-80
19:24:46.531;-80;-58;-80;-80;-80;-80;-80;-80
19:24:46.640;-53;-80;-80;-80;-80;-80;-80;-80
19:24:46.828;-52;-80;-80;-80;-80;-80;-80;-80
19:24:46.828;-80;-59;-80;-80;-80;-80;-80;-80
19:24:47.015;-53;-80;-80;-80;-80;-80;-80;-80
19:24:47.015;-80;-59;-80;-80;-80;-80;-80;-80
19:24:47.312;-53.5;-80;-80;-80;-80;-80;-80;-80
19:24:47.609;-52.5;-80;-80;-80;-80;-80;-80;-80
19:24:47.812;-53;-80;-80;-80;-80;-80;-80;-80
19:24:48.015;-52;-80;-80;-80;-80;-80;-80;-80
19:24:48.125;-80;-56;-80;-80;-80;-80;-80;-80
19:24:48.281;-51.5;-80;-80;-80;-80;-80;-80;-80
19:24:48.281;-80;-58.5;-80;-80;-80;-80;-80;-80
19:24:48.375;-80;-58.5;-80;-80;-80;-80;-80;-80
19:24:48.578;-51.5;-80;-80;-80;-80;-80;-80;-80
19:24:48.578;-52;-80;-80;-80;-80;-80;-80;-80
19:24:48.578;-80;-57.5;-80;-80;-80;-80;-80;-80
19:24:48.796;-53;-80;-80;-80;-80;-80;-80;-80
19:24:48.796;-80;-58;-80;-80;-80;-80;-80;-80
19:24:48.890;-80;-58.5;-80;-80;-80;-80;-80;-80
19:24:49.046;-51.5;-80;-80;-80;-80;-80;-80;-80
19:24:49.046;-80;-56.5;-80;-80;-80;-80;-80;-80
19:24:49.125;-80;-56.5;-80;-80;-80;-80;-80;-80
19:24:49.265;-53.5;-80;-80;-80;-80;-80;-80;-80
19:24:49.375;-80;-58.5;-80;-80;-80;-80;-80;-80
19:24:49.609;-52;-80;-80;-80;-80;-80;-80;-80
19:24:49.609;-80;-57;-80;-80;-80;-80;-80;-80
19:24:49.812;-48;-80;-80;-80;-80;-80;-80;-80
19:24:49.875;-80;-58.5;-80;-80;-80;-80;-80;-80
19:24:50.046;-48;-80;-80;-80;-80;-80;-80;-80
19:24:50.265;-53.5;-80;-80;-80;-80;-80;-80;-80
19:24:50.375;-52.5;-80;-80;-80;-80;-80;-80;-80
19:24:50.375;-80;-56.5;-80;-80;-80;-80;-80;-80
19:24:50.515;-80;-80;-80;-58;-80;-80;-80;-80
19:24:50.812;-80;-80;-80;-55;-80;-80;-80;-80
19:24:51.328;-80;-58.5;-80;-80;-80;-80;-80;-80
19:24:51.328;-80;-80;-57;-80;-80;-80;-80;-80
19:24:51.546;-58.5;-80;-80;-80;-80;-80;-80;-80
19:24:51.546;-80;-45.5;-80;-80;-80;-80;-80;-80
19:24:51.546;-80;-80;-47.5;-80;-80;-80;-80;-80
19:24:51.765;-53.5;-80;-80;-80;-80;-80;-80;-80
19:24:51.765;-80;-47.5;-80;-80;-80;-80;-80;-80
19:24:51.625;-80;-80;-45.5;-80;-80;-80;-80;-80
19:24:51.765;-80;-80;-80;-55;-80;-80;-80;-80
19:24:51.875;-80;-48;-80;-80;-80;-80;-80;-80
19:24:51.875;-80;-80;-46.5;-80;-80;-80;-80;-80
19:24:52.015;-54.5;-80;-80;-80;-80;-80;-80;-80
19:24:52.015;-80;-49;-80;-80;-80;-80;-80;-80
19:24:52.015;-80;-80;-80;-56;-80;-80;-80;-80
19:24:52.093;-80;-49;-80;-80;-80;-80;-80;-80
19:24:52.093;-80;-80;-48;-80;-80;-80;-80;-80
19:24:52.140;-80;-80;-80;-56.5;-80;-80;-80;-80
19:24:52.250;-52;-80;-80;-80;-80;-80;-80;-80
19:24:52.250;-80;-46.5;-80;-80;-80;-80;-80;-80
19:24:52.250;-80;-80;-80;-55;-80;-80;-80;-80
19:24:52.328;-80;-47;-80;-80;-80;-80;-80;-80
19:24:52.328;-80;-80;-54.5;-80;-80;-80;-80;-80
19:24:52.375;-80;-80;-80;-54;-80;-80;-80;-80
19:24:52.546;-53;-80;-80;-80;-80;-80;-80;-80
19:24:52.546;-80;-47;-80;-80;-80;-80;-80;-80
19:24:52.546;-80;-80;-80;-54;-80;-80;-80;-80
19:24:52.625;-80;-80;-49.5;-80;-80;-80;-80;-80
19:24:52.828;-52.5;-80;-80;-80;-80;-80;-80;-80
19:24:52.828;-80;-46;-80;-80;-80;-80;-80;-80
19:24:52.828;-80;-80;-80;-54;-80;-80;-80;-80
19:24:52.875;-80;-45.5;-80;-80;-80;-80;-80;-80
19:24:53.062;-52.5;-80;-80;-80;-80;-80;-80;-80
19:24:53.062;-80;-80;-49.5;-80;-80;-80;-80;-80
19:24:53.062;-80;-80;-80;-56.5;-80;-80;-80;-80
19:24:53.125;-53.5;-80;-80;-80;-80;-80;-80;-80
19:24:53.296;-80;-46;-80;-80;-80;-80;-80;-80
19:24:53.296;-80;-80;-80;-57.5;-80;-80;-80;-80
19:24:53.375;-58;-80;-80;-80;-80;-80;-80;-80
19:24:53.531;-80;-44.5;-80;-80;-80;-80;-80;-80
19:24:53.531;-80;-80;-48.5;-80;-80;-80;-80;-80
19:24:53.796;-53.5;-80;-80;-80;-80;-80;-80;-80
19:24:53.796;-80;-45;-80;-80;-80;-80;-80;-80
19:24:53.796;-80;-80;-47.5;-80;-80;-80;-80;-80
19:24:53.875;-80;-80;-47.5;-80;-80;-80;-80;-80
19:24:53.875;-80;-80;-80;-54.5;-80;-80;-80;-80
19:24:54.031;-53;-80;-80;-80;-80;-80;-80;-80
19:24:54.031;-80;-47;-80;-80;-80;-80;-80;-80
19:24:54.125;-80;-80;-47;-80;-80;-80;-80;-80
19:24:54.296;-59;-80;-80;-80;-80;-80;-80;-80
19:24:54.296;-80;-46;-80;-80;-80;-80;-80;-80
19:24:54.296;-80;-80;-80;-58;-80;-80;-80;-80
19:24:54.375;-80;-46.5;-80;-80;-80;-80;-80;-80
19:24:54.390;-80;-80;-49.5;-80;-80;-80;-80;-80
19:24:54.500;-60.5;-80;-80;-80;-80;-80;-80;-80
19:24:54.500;-80;-80;-49;-80;-80;-80;-80;-80
19:24:54.500;-80;-80;-80;-54;-80;-80;-80;-80
19:24:54.625;-59.5;-80;-80;-80;-80;-80;-80;-80
19:24:54.625;-80;-46.5;-80;-80;-80;-80;-80;-80
19:24:54.640;-80;-80;-47.5;-80;-80;-80;-80;-80
19:24:54.781;-61;-80;-80;-80;-80;-80;-80;-80
19:24:54.781;-80;-80;-47;-80;-80;-80;-80;-80
19:24:54.781;-80;-80;-80;-57.5;-80;-80;-80;-80
19:24:54.875;-61.5;-80;-80;-80;-80;-80;-80;-80
19:24:54.875;-80;-45.5;-80;-80;-80;-80;-80;-80
19:24:55.015;-59;-80;-80;-80;-80;-80;-80;-80
19:24:55.015;-80;-80;-48.5;-80;-80;-80;-80;-80
19:24:55.015;-80;-80;-80;-57.5;-80;-80;-80;-80
19:24:55.125;-58;-80;-80;-80;-80;-80;-80;-80
19:24:55.125;-80;-46.5;-80;-80;-80;-80;-80;-80
19:24:55.218;-80;-46.5;-80;-80;-80;-80;-80;-80
19:24:55.218;-80;-80;-49;-80;-80;-80;-80;-80
19:24:55.218;-80;-80;-80;-58;-80;-80;-80;-80
19:24:55.390;-57.5;-80;-80;-80;-80;-80;-80;-80
19:24:55.500;-80;-45;-80;-80;-80;-80;-80;-80
19:24:55.500;-80;-80;-50;-80;-80;-80;-80;-80
19:24:55.625;-54.5;-80;-80;-80;-80;-80;-80;-80
19:24:55.765;-54.5;-80;-80;-80;-80;-80;-80;-80
19:24:55.765;-80;-45;-80;-80;-80;-80;-80;-80
19:24:55.765;-80;-80;-47.5;-80;-80;-80;-80;-80
19:24:56.000;-56;-80;-80;-80;-80;-80;-80;-80
19:24:56.000;-80;-45.5;-80;-80;-80;-80;-80;-80
19:24:56.125;-80;-80;-48;-80;-80;-80;-80;-80
19:24:56.140;-80;-80;-80;-58.5;-80;-80;-80;-80
19:24:56.265;-54;-80;-80;-80;-80;-80;-80;-80
19:24:56.265;-80;-46.5;-80;-80;-80;-80;-80;-80
19:24:56.265;-80;-80;-80;-61.5;-80;-80;-80;-80
19:24:56.390;-80;-47.5;-80;-80;-80;-80;-80;-80
19:24:56.390;-80;-80;-52.5;-80;-80;-80;-80;-80
19:24:56.468;-54.5;-80;-80;-80;-80;-80;-80;-80
19:24:56.468;-80;-80;-52;-80;-80;-80;-80;-80
19:24:56.468;-80;-80;-80;-54.5;-80;-80;-80;-80
19:24:56.625;-55;-80;-80;-80;-80;-80;-80;-80
19:24:56.625;-80;-46.5;-80;-80;-80;-80;-80;-80
19:24:56.625;-80;-80;-50;-80;-80;-80;-80;-80
19:24:56.796;-80;-80;-48.5;-80;-80;-80;-80;-80
19:24:56.796;-80;-80;-80;-52.5;-80;-80;-80;-80
19:24:56.875;-54;-80;-80;-80;-80;-80;-80;-80
19:24:56.890;-80;-47.5;-80;-80;-80;-80;-80;-80
19:24:57.078;-55.5;-80;-80;-80;-80;-80;-80;-80
19:24:57.078;-80;-80;-48;-80;-80;-80;-80;-80
19:24:57.140;-55.5;-80;-80;-80;-80;-80;-80;-80
19:24:57.250;-80;-46.5;-80;-80;-80;-80;-80;-80
19:24:57.250;-80;-80;-49.5;-80;-80;-80;-80;-80
19:24:57.375;-55.5;-80;-80;-80;-80;-80;-80;-80
19:24:57.375;-80;-80;-80;-58;-80;-80;-80;-80
19:24:57.515;-54.5;-80;-80;-80;-80;-80;-80;-80
19:24:57.515;-80;-47;-80;-80;-80;-80;-80;-80
19:24:57.515;-80;-80;-52;-80;-80;-80;-80;-80
19:24:57.625;-80;-80;-48.5;-80;-80;-80;-80;-80
19:24:57.640;-80;-80;-80;-57.5;-80;-80;-80;-80
19:24:57.718;-55;-80;-80;-80;-80;-80;-80;-80
19:24:57.718;-80;-46.5;-80;-80;-80;-80;-80;-80
19:24:57.875;-80;-45;-80;-80;-80;-80;-80;-80
19:24:57.890;-80;-80;-48.5;-80;-80;-80;-80;-80
19:24:58.015;-54;-80;-80;-80;-80;-80;-80;-80
19:24:58.015;-80;-45;-80;-80;-80;-80;-80;-80
19:24:58.140;-80;-44.5;-80;-80;-80;-80;-80;-80
19:24:58.140;-80;-80;-49;-80;-80;-80;-80;-80
19:24:58.328;-53.5;-80;-80;-80;-80;-80;-80;-80
19:24:58.328;-80;-44.5;-80;-80;-80;-80;-80;-80
19:24:58.375;-80;-44;-80;-80;-80;-80;-80;-80
19:24:58.375;-80;-80;-48;-80;-80;-80;-80;-80
19:24:58.531;-54.5;-80;-80;-80;-80;-80;-80;-80
19:24:58.531;-80;-80;-48.5;-80;-80;-80;-80;-80
19:24:58.531;-80;-80;-80;-58.5;-80;-80;-80;-80
19:24:58.625;-56.5;-80;-80;-80;-80;-80;-80;-80
19:24:58.750;-80;-44.5;-80;-80;-80;-80;-80;-80
19:24:58.750;-80;-80;-48.5;-80;-80;-80;-80;-80
19:24:58.875;-56;-80;-80;-80;-80;-80;-80;-80
19:24:59.031;-80;-45;-80;-80;-80;-80;-80;-80
19:24:59.031;-80;-80;-49;-80;-80;-80;-80;-80
19:24:59.125;-80;-80;-80;-57;-80;-80;-80;-80
19:24:59.250;-55;-80;-80;-80;-80;-80;-80;-80
19:24:59.250;-80;-46.5;-80;-80;-80;-80;-80;-80
19:24:59.375;-80;-47;-80;-80;-80;-80;-80;-80
19:24:59.390;-80;-80;-51;-80;-80;-80;-80;-80
19:24:59.484;-55;-80;-80;-80;-80;-80;-80;-80
19:24:59.484;-80;-80;-80;-54.5;-80;-80;-80;-80
19:24:59.625;-80;-47;-80;-80;-80;-80;-80;-80
19:24:59.640;-80;-80;-53.5;-80;-80;-80;-80;-80
19:24:59.765;-55;-80;-80;-80;-80;-80;-80;-80
19:24:59.765;-80;-80;-80;-52.5;-80;-80;-80;-80
19:24:59.890;-51.5;-80;-80;-80;-80;-80;-80;-80
19:24:59.890;-80;-44;-80;-80;-80;-80;-80;-80
19:25:00.046;-55;-80;-80;-80;-80;-80;-80;-80
19:25:00.046;-80;-80;-47.5;-80;-80;-80;-80;-80
19:25:00.125;-55.5;-80;-80;-80;-80;-80;-80;-80
19:25:00.125;-80;-44.5;-80;-80;-80;-80;-80;-80
19:25:00.281;-80;-44.5;-80;-80;-80;-80;-80;-80
19:25:00.281;-80;-80;-48;-80;-80;-80;-80;-80
19:25:00.281;-80;-80;-80;-53.5;-80;-80;-80;-80
19:25:00.390;-55.5;-80;-80;-80;-80;-80;-80;-80
19:25:00.390;-80;-47;-80;-80;-80;-80;-80;-80
19:25:00.593;-56.5;-80;-80;-80;-80;-80;-80;-80
19:25:00.593;-80;-44.5;-80;-80;-80;-80;-80;-80
19:25:00.593;-80;-80;-47;-80;-80;-80;-80;-80
19:25:00.796;-60;-80;-80;-80;-80;-80;-80;-80
19:25:00.796;-80;-45;-80;-80;-80;-80;-80;-80
19:25:00.796;-80;-80;-48;-80;-80;-80;-80;-80
19:25:01.000;-56.5;-80;-80;-80;-80;-80;-80;-80
19:25:01.000;-80;-44;-80;-80;-80;-80;-80;-80
19:25:01.140;-80;-44.5;-80;-80;-80;-80;-80;-80
19:25:01.140;-80;-80;-46.5;-80;-80;-80;-80;-80
19:25:01.296;-53.5;-80;-80;-80;-80;-80;-80;-80
19:25:01.296;-80;-45;-80;-80;-80;-80;-80;-80
19:25:01.296;-80;-80;-80;-63.5;-80;-80;-80;-80
19:25:01.375;-80;-45;-80;-80;-80;-80;-80;-80
19:25:01.375;-80;-80;-48.5;-80;-80;-80;-80;-80
19:25:01.546;-56;-80;-80;-80;-80;-80;-80;-80
19:25:01.546;-80;-44.5;-80;-80;-80;-80;-80;-80
19:25:01.625;-80;-44.5;-80;-80;-80;-80;-80;-80
19:25:01.625;-80;-80;-48.5;-80;-80;-80;-80;-80
19:25:01.765;-80;-80;-49;-80;-80;-80;-80;-80
19:25:01.765;-80;-80;-80;-54;-80;-80;-80;-80
19:25:01.765;-54;-80;-80;-80;-80;-80;-80;-80
19:25:01.765;-80;-80;-80;-53.5;-80;-80;-80;-80
19:25:01.875;-54;-80;-80;-80;-80;-80;-80;-80
19:25:01.890;-80;-45;-80;-80;-80;-80;-80;-80
19:25:02.015;-54;-80;-80;-80;-80;-80;-80;-80
19:25:02.015;-80;-80;-48.5;-80;-80;-80;-80;-80
19:25:02.015;-80;-80;-80;-57;-80;-80;-80;-80
19:25:02.140;-53.5;-80;-80;-80;-80;-80;-80;-80
19:25:02.140;-80;-45;-80;-80;-80;-80;-80;-80
19:25:02.281;-53;-80;-80;-80;-80;-80;-80;-80
19:25:02.281;-80;-80;-47.5;-80;-80;-80;-80;-80
19:25:02.281;-80;-80;-80;-57.5;-80;-80;-80;-80
19:25:02.375;-53;-80;-80;-80;-80;-80;-80;-80
19:25:02.390;-80;-46.5;-80;-80;-80;-80;-80;-80
19:25:02.515;-53.5;-80;-80;-80;-80;-80;-80;-80
19:25:02.515;-80;-80;-49;-80;-80;-80;-80;-80
19:25:02.625;-53;-80;-80;-80;-80;-80;-80;-80
19:25:02.625;-80;-44.5;-80;-80;-80;-80;-80;-80
19:25:02.640;-80;-80;-46.5;-80;-80;-80;-80;-80
19:25:02.796;-52.5;-80;-80;-80;-80;-80;-80;-80
19:25:02.796;-80;-80;-47.5;-80;-80;-80;-80;-80
19:25:02.796;-80;-80;-80;-55;-80;-80;-80;-80
19:25:02.875;-80;-45;-80;-80;-80;-80;-80;-80
19:25:02.984;-80;-80;-49.5;-80;-80;-80;-80;-80
19:25:02.984;-80;-80;-49;-80;-80;-80;-80;-80
19:25:02.984;-80;-80;-80;-54;-80;-80;-80;-80
19:25:03.093;-53.5;-80;-80;-80;-80;-80;-80;-80
19:25:03.093;-80;-46;-80;-80;-80;-80;-80;-80
19:25:03.140;-80;-80;-47.5;-80;-80;-80;-80;-80
19:25:03.296;-55;-80;-80;-80;-80;-80;-80;-80
19:25:03.296;-80;-80;-47.5;-80;-80;-80;-80;-80
19:25:03.296;-80;-80;-80;-55;-80;-80;-80;-80
19:25:03.390;-54.5;-80;-80;-80;-80;-80;-80;-80
19:25:03.390;-80;-47.5;-80;-80;-80;-80;-80;-80
19:25:03.515;-80;-47.5;-80;-80;-80;-80;-80;-80
19:25:03.515;-80;-80;-50.5;-80;-80;-80;-80;-80
19:25:03.640;-54;-80;-80;-80;-80;-80;-80;-80
19:25:03.765;-80;-45.5;-80;-80;-80;-80;-80;-80
19:25:03.765;-80;-80;-47.5;-80;-80;-80;-80;-80
19:25:03.765;-80;-80;-80;-55.5;-80;-80;-80;-80
19:25:03.890;-53.5;-80;-80;-80;-80;-80;-80;-80
19:25:03.875;-80;-80;-80;-55.5;-80;-80;-80;-80
19:25:04.031;-80;-45;-80;-80;-80;-80;-80;-80
19:25:04.031;-80;-80;-47.5;-80;-80;-80;-80;-80
19:25:04.125;-53;-80;-80;-80;-80;-80;-80;-80
19:25:04.250;-53;-80;-80;-80;-80;-80;-80;-80
19:25:04.250;-80;-45;-80;-80;-80;-80;-80;-80
19:25:04.250;-80;-80;-47.5;-80;-80;-80;-80;-80
19:25:04.390;-53;-80;-80;-80;-80;-80;-80;-80
19:25:04.390;-80;-80;-80;-54.5;-80;-80;-80;-80
19:25:04.484;-53;-80;-80;-80;-80;-80;-80;-80
19:25:04.484;-80;-46.5;-80;-80;-80;-80;-80;-80
19:25:04.484;-80;-80;-47;-80;-80;-80;-80;-80
19:25:04.640;-80;-80;-47;-80;-80;-80;-80;-80
19:25:04.640;-80;-80;-80;-55;-80;-80;-80;-80
19:25:04.750;-52.5;-80;-80;-80;-80;-80;-80;-80
19:25:04.750;-80;-45.5;-80;-80;-80;-80;-80;-80
19:25:04.875;-52;-80;-80;-80;-80;-80;-80;-80
19:25:04.859;-80;-80;-47.5;-80;-80;-80;-80;-80
19:25:04.875;-80;-80;-80;-55.5;-80;-80;-80;-80
19:25:05.015;-52;-80;-80;-80;-80;-80;-80;-80
19:25:05.015;-80;-46.5;-80;-80;-80;-80;-80;-80
19:25:05.015;-80;-80;-46.5;-80;-80;-80;-80;-80
19:25:05.125;-80;-80;-46.5;-80;-80;-80;-80;-80
19:25:05.140;-80;-80;-80;-55.5;-80;-80;-80;-80
19:25:05.250;-51.5;-80;-80;-80;-80;-80;-80;-80
19:25:05.265;-80;-45.5;-80;-80;-80;-80;-80;-80
19:25:05.390;-80;-80;-46.5;-80;-80;-80;-80;-80
19:25:05.390;-80;-80;-80;-55;-80;-80;-80;-80
19:25:05.500;-53;-80;-80;-80;-80;-80;-80;-80
19:25:05.500;-80;-45;-80;-80;-80;-80;-80;-80
19:25:05.625;-80;-80;-48;-80;-80;-80;-80;-80
19:25:05.625;-80;-80;-80;-58.5;-80;-80;-80;-80
19:25:05.750;-54.5;-80;-80;-80;-80;-80;-80;-80
19:25:05.750;-80;-44.5;-80;-80;-80;-80;-80;-80
19:25:05.875;-55.5;-80;-80;-80;-80;-80;-80;-80
19:25:05.875;-80;-80;-48.5;-80;-80;-80;-80;-80
19:25:05.875;-80;-80;-80;-59;-80;-80;-80;-80
19:25:06.031;-53.5;-80;-80;-80;-80;-80;-80;-80
19:25:06.031;-80;-44.5;-80;-80;-80;-80;-80;-80
19:25:06.031;-80;-80;-49;-80;-80;-80;-80;-80
19:25:06.125;-80;-80;-49;-80;-80;-80;-80;-80
19:25:06.140;-80;-80;-80;-58.5;-80;-80;-80;-80
19:25:06.234;-57;-80;-80;-80;-80;-80;-80;-80
19:25:06.234;-80;-45;-80;-80;-80;-80;-80;-80
19:25:06.375;-80;-80;-49;-80;-80;-80;-80;-80
19:25:06.375;-80;-80;-80;-55;-80;-80;-80;-80
19:25:06.484;-53.5;-80;-80;-80;-80;-80;-80;-80
19:25:06.484;-80;-46;-80;-80;-80;-80;-80;-80
19:25:06.484;-80;-80;-47.5;-80;-80;-80;-80;-80
19:25:06.625;-80;-80;-52;-80;-80;-80;-80;-80
19:25:06.640;-80;-80;-80;-53.5;-80;-80;-80;-80
19:25:06.734;-55.5;-80;-80;-80;-80;-80;-80;-80
19:25:06.734;-54;-80;-80;-80;-80;-80;-80;-80
19:25:06.734;-80;-47;-80;-80;-80;-80;-80;-80
19:25:06.890;-80;-80;-48.5;-80;-80;-80;-80;-80
19:25:06.890;-80;-80;-80;-55;-80;-80;-80;-80
19:25:07.000;-54;-80;-80;-80;-80;-80;-80;-80
19:25:07.000;-80;-47;-80;-80;-80;-80;-80;-80
19:25:07.125;-80;-80;-50.5;-80;-80;-80;-80;-80
19:25:07.140;-80;-80;-80;-54;-80;-80;-80;-80
19:25:07.265;-56;-80;-80;-80;-80;-80;-80;-80
19:25:07.281;-80;-44;-80;-80;-80;-80;-80;-80
19:25:07.390;-80;-80;-48;-80;-80;-80;-80;-80
19:25:07.484;-55;-80;-80;-80;-80;-80;-80;-80
19:25:07.484;-80;-80;-80;-57;-80;-80;-80;-80
19:25:07.625;-80;-47;-80;-80;-80;-80;-80;-80
19:25:07.625;-80;-80;-50.5;-80;-80;-80;-80;-80
19:25:07.765;-53;-80;-80;-80;-80;-80;-80;-80
19:25:07.765;-80;-80;-80;-53;-80;-80;-80;-80
19:25:07.875;-80;-46.5;-80;-80;-80;-80;-80;-80
19:25:07.875;-80;-80;-47;-80;-80;-80;-80;-80
19:25:08.015;-54.5;-80;-80;-80;-80;-80;-80;-80
19:25:08.015;-80;-80;-80;-59;-80;-80;-80;-80
19:25:08.140;-80;-45;-80;-80;-80;-80;-80;-80
19:25:08.140;-80;-80;-48;-80;-80;-80;-80;-80
19:25:08.250;-80;-80;-48;-80;-80;-80;-80;-80
19:25:08.250;-80;-80;-80;-57;-80;-80;-80;-80
19:25:08.265;-54;-80;-80;-80;-80;-80;-80;-80
19:25:08.265;-80;-80;-80;-56;-80;-80;-80;-80
19:25:08.375;-54;-80;-80;-80;-80;-80;-80;-80
19:25:08.390;-80;-44;-80;-80;-80;-80;-80;-80
19:25:08.546;-80;-80;-48;-80;-80;-80;-80;-80
19:25:08.546;-53.5;-80;-80;-80;-80;-80;-80;-80
19:25:08.625;-80;-46.5;-80;-80;-80;-80;-80;-80
19:25:08.625;-80;-80;-48.5;-80;-80;-80;-80;-80
19:25:08.812;-61;-80;-80;-80;-80;-80;-80;-80
19:25:08.812;-80;-80;-49.5;-80;-80;-80;-80;-80
19:25:08.812;-80;-80;-80;-59;-80;-80;-80;-80
19:25:08.890;-80;-45.5;-80;-80;-80;-80;-80;-80
19:25:09.046;-80;-80;-47.5;-80;-80;-80;-80;-80
19:25:09.062;-60.5;-80;-80;-80;-80;-80;-80;-80
19:25:09.062;-80;-80;-47.5;-80;-80;-80;-80;-80
19:25:09.125;-60;-80;-80;-80;-80;-80;-80;-80
19:25:09.250;-80;-46;-80;-80;-80;-80;-80;-80
19:25:09.250;-80;-80;-48;-80;-80;-80;-80;-80
19:25:09.250;-80;-80;-80;-56.5;-80;-80;-80;-80
19:25:09.390;-58;-80;-80;-80;-80;-80;-80;-80
19:25:09.390;-80;-45.5;-80;-80;-80;-80;-80;-80
19:25:09.484;-80;-45.5;-80;-80;-80;-80;-80;-80
19:25:09.500;-80;-80;-50;-80;-80;-80;-80;-80
19:25:09.500;-80;-80;-80;-56;-80;-80;-80;-80
19:25:09.609;-57;-80;-80;-80;-80;-80;-80;-80
19:25:09.609;-80;-46;-80;-80;-80;-80;-80;-80
19:25:09.609;-80;-80;-80;-55;-80;-80;-80;-80
19:25:09.656;-80;-46;-80;-80;-80;-80;-80;-80
19:25:09.828;-57.5;-80;-80;-80;-80;-80;-80;-80
19:25:09.812;-80;-80;-47.5;-80;-80;-80;-80;-80
19:25:09.828;-80;-80;-80;-53.5;-80;-80;-80;-80
19:25:09.890;-58;-80;-80;-80;-80;-80;-80;-80
19:25:09.890;-80;-46.5;-80;-80;-80;-80;-80;-80
19:25:10.031;-80;-47;-80;-80;-80;-80;-80;-80
19:25:10.031;-80;-80;-47.5;-80;-80;-80;-80;-80
19:25:10.125;-56;-80;-80;-80;-80;-80;-80;-80
19:25:10.125;-80;-45.5;-80;-80;-80;-80;-80;-80
19:25:10.296;-80;-45;-80;-80;-80;-80;-80;-80
19:25:10.296;-80;-80;-48.5;-80;-80;-80;-80;-80
19:25:10.375;-58.5;-80;-80;-80;-80;-80;-80;-80
19:25:10.515;-80;-47.5;-80;-80;-80;-80;-80;-80
19:25:10.515;-80;-80;-50.5;-80;-80;-80;-80;-80
19:25:10.515;-80;-80;-80;-56.5;-80;-80;-80;-80
19:25:10.640;-56.5;-80;-80;-80;-80;-80;-80;-80
19:25:10.625;-80;-80;-80;-56.5;-80;-80;-80;-80
19:25:10.812;-80;-45.5;-80;-80;-80;-80;-80;-80
19:25:10.812;-80;-80;-47.5;-80;-80;-80;-80;-80
19:25:10.812;-80;-80;-47.5;-80;-80;-80;-80;-80
19:25:10.890;-59.5;-80;-80;-80;-80;-80;-80;-80
19:25:11.015;-80;-45.5;-80;-80;-80;-80;-80;-80
19:25:11.015;-80;-80;-49.5;-80;-80;-80;-80;-80
19:25:11.140;-60;-80;-80;-80;-80;-80;-80;-80
19:25:11.296;-80;-45.5;-80;-80;-80;-80;-80;-80
19:25:11.296;-80;-80;-49;-80;-80;-80;-80;-80
19:25:11.375;-58;-80;-80;-80;-80;-80;-80;-80
19:25:11.515;-58;-80;-80;-80;-80;-80;-80;-80
19:25:11.515;-80;-45.5;-80;-80;-80;-80;-80;-80
19:25:11.515;-80;-80;-49;-80;-80;-80;-80;-80
19:25:11.640;-56.5;-80;-80;-80;-80;-80;-80;-80
19:25:11.750;-56;-80;-80;-80;-80;-80;-80;-80
19:25:11.750;-80;-45;-80;-80;-80;-80;-80;-80
19:25:11.765;-80;-80;-47.5;-80;-80;-80;-80;-80
19:25:11.890;-58;-80;-80;-80;-80;-80;-80;-80
19:25:11.890;-80;-80;-80;-58.5;-80;-80;-80;-80
19:25:12.000;-58.5;-80;-80;-80;-80;-80;-80;-80
19:25:12.031;-80;-47;-80;-80;-80;-80;-80;-80
19:25:12.031;-80;-80;-45.5;-80;-80;-80;-80;-80
19:25:12.140;-54.5;-80;-80;-80;-80;-80;-80;-80
19:25:12.125;-80;-80;-48.5;-80;-80;-80;-80;-80
19:25:12.125;-80;-80;-80;-56;-80;-80;-80;-80
19:25:12.250;-53.5;-80;-80;-80;-80;-80;-80;-80
19:25:12.250;-80;-46.5;-80;-80;-80;-80;-80;-80
19:25:12.250;-80;-80;-47.5;-80;-80;-80;-80;-80
19:25:12.375;-55.5;-80;-80;-80;-80;-80;-80;-80
19:25:12.359;-80;-80;-49;-80;-80;-80;-80;-80
19:25:12.375;-80;-80;-80;-55.5;-80;-80;-80;-80
19:25:12.406;-56.5;-80;-80;-80;-80;-80;-80;-80
19:25:12.515;-80;-46;-80;-80;-80;-80;-80;-80
19:25:12.515;-80;-80;-49.5;-80;-80;-80;-80;-80
19:25:12.640;-80;-80;-80;-54;-80;-80;-80;-80
19:25:12.718;-51;-80;-80;-80;-80;-80;-80;-80
19:25:12.734;-80;-45.5;-80;-80;-80;-80;-80;-80
19:25:12.875;-80;-80;-47;-80;-80;-80;-80;-80
19:25:12.875;-80;-80;-80;-56.5;-80;-80;-80;-80
19:25:12.984;-55;-80;-80;-80;-80;-80;-80;-80
19:25:12.984;-80;-45.5;-80;-80;-80;-80;-80;-80
19:25:13.140;-80;-80;-51;-80;-80;-80;-80;-80
19:25:13.140;-80;-80;-80;-53.5;-80;-80;-80;-80
19:25:13.265;-57.5;-80;-80;-80;-80;-80;-80;-80
19:25:13.265;-80;-47;-80;-80;-80;-80;-80;-80
19:25:13.265;-80;-80;-49;-80;-80;-80;-80;-80
19:25:13.406;-56;-80;-80;-80;-80;-80;-80;-80
19:25:13.406;-80;-80;-48.5;-80;-80;-80;-80;-80
19:25:13.406;-80;-80;-80;-55;-80;-80;-80;-80
19:25:13.531;-57;-80;-80;-80;-80;-80;-80;-80
19:25:13.531;-80;-48;-80;-80;-80;-80;-80;-80
19:25:13.531;-80;-80;-53;-80;-80;-80;-80;-80
19:25:13.640;-80;-80;-50.5;-80;-80;-80;-80;-80
19:25:13.640;-80;-80;-80;-53;-80;-80;-80;-80
19:25:13.828;-53;-80;-80;-80;-80;-80;-80;-80
19:25:13.828;-80;-45.5;-80;-80;-80;-80;-80;-80
19:25:13.890;-80;-80;-49;-80;-80;-80;-80;-80
19:25:14.000;-55.5;-80;-80;-80;-80;-80;-80;-80
19:25:14.000;-80;-80;-80;-58.5;-80;-80;-80;-80
19:25:14.140;-80;-45.5;-80;-80;-80;-80;-80;-80
19:25:14.140;-80;-80;-48.5;-80;-80;-80;-80;-80
19:25:14.281;-54.5;-80;-80;-80;-80;-80;-80;-80
19:25:14.281;-80;-45.5;-80;-80;-80;-80;-80;-80
19:25:14.375;-80;-80;-49;-80;-80;-80;-80;-80
19:25:14.390;-80;-80;-80;-57.5;-80;-80;-80;-80
19:25:14.531;-56.5;-80;-80;-80;-80;-80;-80;-80
19:25:14.531;-80;-46.5;-80;-80;-80;-80;-80;-80
19:25:14.625;-80;-80;-49.5;-80;-80;-80;-80;-80
19:25:14.640;-80;-80;-80;-55.5;-80;-80;-80;-80
19:25:14.781;-56;-80;-80;-80;-80;-80;-80;-80
19:25:14.781;-80;-46.5;-80;-80;-80;-80;-80;-80
19:25:14.781;-80;-80;-80;-56.5;-80;-80;-80;-80
19:25:14.875;-80;-80;-48;-80;-80;-80;-80;-80
19:25:14.875;-80;-80;-80;-56.5;-80;-80;-80;-80
19:25:15.015;-54.5;-80;-80;-80;-80;-80;-80;-80
19:25:15.015;-80;-45.5;-80;-80;-80;-80;-80;-80
19:25:15.125;-80;-80;-48;-80;-80;-80;-80;-80
19:25:15.234;-56;-80;-80;-80;-80;-80;-80;-80
19:25:15.234;-80;-80;-80;-55;-80;-80;-80;-80
19:25:15.359;-54;-80;-80;-80;-80;-80;-80;-80
19:25:15.359;-80;-46;-80;-80;-80;-80;-80;-80
19:25:15.359;-80;-80;-49;-80;-80;-80;-80;-80
19:25:15.390;-80;-80;-48.5;-80;-80;-80;-80;-80
19:25:15.531;-55;-80;-80;-80;-80;-80;-80;-80
19:25:15.531;-80;-80;-80;-56.5;-80;-80;-80;-80
19:25:15.640;-80;-46.5;-80;-80;-80;-80;-80;-80
19:25:15.640;-80;-80;-48;-80;-80;-80;-80;-80
19:25:15.781;-55.5;-80;-80;-80;-80;-80;-80;-80
19:25:15.781;-80;-80;-80;-59.5;-80;-80;-80;-80
19:25:15.875;-55.5;-80;-80;-80;-80;-80;-80;-80
19:25:15.890;-80;-45.5;-80;-80;-80;-80;-80;-80
19:25:16.000;-80;-45;-80;-80;-80;-80;-80;-80
19:25:16.000;-80;-80;-49.5;-80;-80;-80;-80;-80
19:25:16.000;-80;-80;-80;-59;-80;-80;-80;-80
19:25:16.140;-55;-80;-80;-80;-80;-80;-80;-80
19:25:16.140;-80;-45.5;-80;-80;-80;-80;-80;-80
19:25:16.312;-56;-80;-80;-80;-80;-80;-80;-80
19:25:16.312;-80;-45;-80;-80;-80;-80;-80;-80
19:25:16.312;-80;-80;-48.5;-80;-80;-80;-80;-80
19:25:16.390;-56;-80;-80;-80;-80;-80;-80;-80
19:25:16.390;-80;-45.5;-80;-80;-80;-80;-80;-80
19:25:16.531;-80;-80;-49;-80;-80;-80;-80;-80
19:25:16.531;-80;-80;-80;-56.5;-80;-80;-80;-80
19:25:16.640;-54.5;-80;-80;-80;-80;-80;-80;-80
19:25:16.640;-80;-46.5;-80;-80;-80;-80;-80;-80
19:25:16.812;-58.5;-80;-80;-80;-80;-80;-80;-80
19:25:16.812;-80;-80;-53.5;-80;-80;-80;-80;-80
19:25:16.812;-80;-80;-80;-53.5;-80;-80;-80;-80
19:25:16.875;-57;-80;-80;-80;-80;-80;-80;-80
19:25:16.875;-80;-47.5;-80;-80;-80;-80;-80;-80
19:25:17.031;-80;-46.5;-80;-80;-80;-80;-80;-80
19:25:17.031;-80;-80;-49;-80;-80;-80;-80;-80
19:25:17.031;-80;-80;-80;-54.5;-80;-80;-80;-80
19:25:17.140;-58.5;-80;-80;-80;-80;-80;-80;-80
19:25:17.140;-80;-47;-80;-80;-80;-80;-80;-80
19:25:17.312;-80;-47;-80;-80;-80;-80;-80;-80
19:25:17.312;-80;-80;-48.5;-80;-80;-80;-80;-80
19:25:17.312;-80;-80;-80;-53.5;-80;-80;-80;-80
19:25:17.390;-56;-80;-80;-80;-80;-80;-80;-80
19:25:17.531;-80;-45;-80;-80;-80;-80;-80;-80
19:25:17.531;-80;-80;-50;-80;-80;-80;-80;-80
19:25:17.546;-80;-80;-80;-53.5;-80;-80;-80;-80
19:25:17.640;-56;-80;-80;-80;-80;-80;-80;-80
19:25:17.640;-80;-80;-80;-55.5;-80;-80;-80;-80
19:25:17.812;-80;-46.5;-80;-80;-80;-80;-80;-80
19:25:17.812;-80;-80;-52;-80;-80;-80;-80;-80
19:25:17.812;-80;-80;-80;-53;-80;-80;-80;-80
19:25:17.890;-80;-80;-80;-53;-80;-80;-80;-80
19:25:17.968;-57;-80;-80;-80;-80;-80;-80;-80
19:25:17.984;-80;-46;-80;-80;-80;-80;-80;-80
19:25:18.062;-80;-80;-48.5;-80;-80;-80;-80;-80
19:25:18.078;-80;-80;-80;-55.5;-80;-80;-80;-80
19:25:18.234;-56;-80;-80;-80;-80;-80;-80;-80
19:25:18.234;-80;-45;-80;-80;-80;-80;-80;-80
19:25:18.390;-80;-80;-49;-80;-80;-80;-80;-80
19:25:18.390;-80;-80;-80;-57;-80;-80;-80;-80
19:25:18.562;-54.5;-80;-80;-80;-80;-80;-80;-80
19:25:18.562;-80;-45;-80;-80;-80;-80;-80;-80
19:25:18.562;-80;-80;-47.5;-80;-80;-80;-80;-80
19:25:18.640;-80;-80;-47.5;-80;-80;-80;-80;-80
19:25:18.781;-53.5;-80;-80;-80;-80;-80;-80;-80
19:25:18.781;-80;-45.5;-80;-80;-80;-80;-80;-80
19:25:18.875;-80;-80;-48.5;-80;-80;-80;-80;-80
19:25:18.890;-80;-80;-80;-57;-80;-80;-80;-80
19:25:19.046;-56;-80;-80;-80;-80;-80;-80;-80
19:25:19.046;-80;-45.5;-80;-80;-80;-80;-80;-80
19:25:19.125;-80;-80;-49;-80;-80;-80;-80;-80
19:25:19.296;-56;-80;-80;-80;-80;-80;-80;-80
19:25:19.296;-80;-45.5;-80;-80;-80;-80;-80;-80
19:25:19.375;-80;-45.5;-80;-80;-80;-80;-80;-80
19:25:19.390;-80;-80;-48.5;-80;-80;-80;-80;-80
19:25:19.515;-57.5;-80;-80;-80;-80;-80;-80;-80
19:25:19.515;-80;-80;-48.5;-80;-80;-80;-80;-80
19:25:19.515;-80;-80;-80;-57.5;-80;-80;-80;-80
19:25:19.625;-57.5;-80;-80;-80;-80;-80;-80;-80
19:25:19.640;-80;-47;-80;-80;-80;-80;-80;-80
19:25:19.765;-57.5;-80;-80;-80;-80;-80;-80;-80
19:25:19.765;-80;-80;-50;-80;-80;-80;-80;-80
19:25:19.765;-80;-80;-80;-54.5;-80;-80;-80;-80
19:25:19.890;-57;-80;-80;-80;-80;-80;-80;-80
19:25:19.890;-80;-47.5;-80;-80;-80;-80;-80;-80
19:25:19.890;-80;-47.5;-80;-80;-80;-80;-80;-80
19:25:20.031;-80;-80;-49.5;-80;-80;-80;-80;-80
19:25:20.031;-80;-80;-80;-52.5;-80;-80;-80;-80
19:25:20.140;-58;-80;-80;-80;-80;-80;-80;-80
19:25:20.265;-80;-44.5;-80;-80;-80;-80;-80;-80
19:25:20.265;-80;-80;-47.5;-80;-80;-80;-80;-80
19:25:20.390;-56;-80;-80;-80;-80;-80;-80;-80
19:25:20.546;-80;-45;-80;-80;-80;-80;-80;-80
19:25:20.546;-80;-80;-48.5;-80;-80;-80;-80;-80
19:25:20.546;-80;-80;-80;-54;-80;-80;-80;-80
19:25:20.640;-57;-80;-80;-80;-80;-80;-80;-80
19:25:20.625;-80;-80;-80;-53;-80;-80;-80;-80
19:25:20.765;-58;-80;-80;-80;-80;-80;-80;-80
19:25:20.765;-80;-47;-80;-80;-80;-80;-80;-80
19:25:20.765;-80;-80;-47;-80;-80;-80;-80;-80
19:25:20.890;-54.5;-80;-80;-80;-80;-80;-80;-80
19:25:20.875;-80;-80;-47.5;-80;-80;-80;-80;-80
19:25:21.031;-54.5;-80;-80;-80;-80;-80;-80;-80
19:25:21.031;-80;-45;-80;-80;-80;-80;-80;-80
19:25:21.031;-80;-80;-49.5;-80;-80;-80;-80;-80
19:25:21.234;-55.5;-80;-80;-80;-80;-80;-80;-80
19:25:21.234;-80;-45;-80;-80;-80;-80;-80;-80
19:25:21.406;-80;-80;-49.5;-80;-80;-80;-80;-80
19:25:21.406;-80;-80;-80;-62.5;-80;-80;-80;-80
19:25:21.515;-55.5;-80;-80;-80;-80;-80;-80;-80
19:25:21.515;-80;-44.5;-80;-80;-80;-80;-80;-80
19:25:21.515;-80;-80;-80;-62.5;-80;-80;-80;-80
19:25:21.625;-80;-45;-80;-80;-80;-80;-80;-80
19:25:21.640;-80;-80;-49;-80;-80;-80;-80;-80
19:25:21.781;-56;-80;-80;-80;-80;-80;-80;-80
19:25:21.781;-80;-45;-80;-80;-80;-80;-80;-80
19:25:21.875;-80;-45;-80;-80;-80;-80;-80;-80
19:25:21.890;-80;-80;-48;-80;-80;-80;-80;-80
19:25:22.031;-58;-80;-80;-80;-80;-80;-80;-80
19:25:22.031;-80;-47;-80;-80;-80;-80;-80;-80
19:25:22.140;-80;-47;-80;-80;-80;-80;-80;-80
19:25:22.140;-80;-80;-50;-80;-80;-80;-80;-80
19:25:22.281;-55;-80;-80;-80;-80;-80;-80;-80
19:25:22.281;-80;-80;-80;-56.5;-80;-80;-80;-80
19:25:22.390;-80;-45.5;-80;-80;-80;-80;-80;-80
19:25:22.390;-80;-80;-49;-80;-80;-80;-80;-80
19:25:22.531;-55;-80;-80;-80;-80;-80;-80;-80
19:25:22.515;-80;-80;-47.5;-80;-80;-80;-80;-80
19:25:22.531;-80;-80;-80;-56.5;-80;-80;-80;-80
19:25:22.625;-55;-80;-80;-80;-80;-80;-80;-80
19:25:22.640;-80;-46.5;-80;-80;-80;-80;-80;-80
19:25:22.750;-57.5;-80;-80;-80;-80;-80;-80;-80
19:25:22.750;-80;-80;-49.5;-80;-80;-80;-80;-80
19:25:22.750;-80;-80;-80;-54;-80;-80;-80;-80
19:25:22.875;-54;-80;-80;-80;-80;-80;-80;-80
19:25:22.890;-80;-45.5;-80;-80;-80;-80;-80;-80
19:25:22.890;-80;-80;-46.5;-80;-80;-80;-80;-80
19:25:23.031;-50;-80;-80;-80;-80;-80;-80;-80
19:25:23.031;-80;-80;-47;-80;-80;-80;-80;-80
19:25:23.140;-80;-46;-80;-80;-80;-80;-80;-80
19:25:23.140;-80;-80;-48.5;-80;-80;-80;-80;-80
19:25:23.234;-59.5;-80;-80;-80;-80;-80;-80;-80
19:25:23.234;-80;-80;-49;-80;-80;-80;-80;-80
19:25:23.234;-80;-80;-80;-55;-80;-80;-80;-80
19:25:23.359;-60;-80;-80;-80;-80;-80;-80;-80
19:25:23.359;-80;-47.5;-80;-80;-80;-80;-80;-80
19:25:23.359;-80;-80;-51.5;-80;-80;-80;-80;-80
19:25:23.500;-55.5;-80;-80;-80;-80;-80;-80;-80
19:25:23.484;-80;-80;-80;-55;-80;-80;-80;-80
19:25:23.625;-55.5;-80;-80;-80;-80;-80;-80;-80
19:25:23.640;-80;-47;-80;-80;-80;-80;-80;-80
19:25:23.640;-80;-80;-53;-80;-80;-80;-80;-80
19:25:23.765;-58.5;-80;-80;-80;-80;-80;-80;-80
19:25:23.765;-80;-80;-51.5;-80;-80;-80;-80;-80
19:25:23.765;-80;-80;-80;-53;-80;-80;-80;-80
19:25:23.875;-54.5;-80;-80;-80;-80;-80;-80;-80
19:25:23.890;-80;-45.5;-80;-80;-80;-80;-80;-80
19:25:23.890;-80;-80;-50;-80;-80;-80;-80;-80
19:25:24.046;-56;-80;-80;-80;-80;-80;-80;-80
19:25:24.046;-80;-80;-50.5;-80;-80;-80;-80;-80
19:25:24.125;-80;-46;-80;-80;-80;-80;-80;-80
19:25:24.281;-53.5;-80;-80;-80;-80;-80;-80;-80
19:25:24.281;-80;-80;-50;-80;-80;-80;-80;-80
19:25:24.375;-53.5;-80;-80;-80;-80;-80;-80;-80
19:25:24.390;-80;-45;-80;-80;-80;-80;-80;-80
19:25:24.531;-80;-80;-48.5;-80;-80;-80;-80;-80
19:25:24.531;-80;-80;-80;-58;-80;-80;-80;-80
19:25:24.531;-80;-80;-80;-57.5;-80;-80;-80;-80
19:25:24.734;-80;-45.5;-80;-80;-80;-80;-80;-80
19:25:24.734;-80;-80;-50;-80;-80;-80;-80;-80
19:25:24.765;-80;-80;-80;-54.5;-80;-80;-80;-80
19:25:24.875;-57;-80;-80;-80;-80;-80;-80;-80
19:25:24.875;-80;-46.5;-80;-80;-80;-80;-80;-80
19:25:24.875;-80;-80;-80;-54.5;-80;-80;-80;-80
19:25:25.046;-57;-80;-80;-80;-80;-80;-80;-80
19:25:25.031;-80;-80;-47;-80;-80;-80;-80;-80
19:25:25.031;-80;-80;-80;-58.5;-80;-80;-80;-80
19:25:25.140;-56.5;-80;-80;-80;-80;-80;-80;-80
19:25:25.140;-80;-46.5;-80;-80;-80;-80;-80;-80
19:25:25.359;-53.5;-80;-80;-80;-80;-80;-80;-80
19:25:25.359;-80;-80;-47;-80;-80;-80;-80;-80
19:25:25.359;-80;-80;-80;-56;-80;-80;-80;-80
19:25:25.390;-53.5;-80;-80;-80;-80;-80;-80;-80
19:25:25.531;-80;-46.5;-80;-80;-80;-80;-80;-80
19:25:25.531;-80;-80;-48.5;-80;-80;-80;-80;-80
19:25:25.531;-80;-80;-80;-55.5;-80;-80;-80;-80
19:25:25.640;-53;-80;-80;-80;-80;-80;-80;-80
19:25:25.640;-80;-80;-80;-56;-80;-80;-80;-80
19:25:25.750;-80;-45.5;-80;-80;-80;-80;-80;-80
19:25:25.750;-80;-80;-48.5;-80;-80;-80;-80;-80
19:25:25.875;-53;-80;-80;-80;-80;-80;-80;-80
19:25:25.875;-80;-80;-80;-55.5;-80;-80;-80;-80
19:25:25.875;-54;-80;-80;-80;-80;-80;-80;-80
19:25:25.875;-80;-45;-80;-80;-80;-80;-80;-80
19:25:26.000;-80;-45;-80;-80;-80;-80;-80;-80
19:25:26.000;-80;-80;-47.5;-80;-80;-80;-80;-80
19:25:26.140;-56;-80;-80;-80;-80;-80;-80;-80
19:25:26.140;-80;-45;-80;-80;-80;-80;-80;-80
19:25:26.296;-80;-80;-47.5;-80;-80;-80;-80;-80
19:25:26.296;-80;-80;-80;-57;-80;-80;-80;-80
19:25:26.375;-60.5;-80;-80;-80;-80;-80;-80;-80
19:25:26.390;-80;-44.5;-80;-80;-80;-80;-80;-80
19:25:26.515;-80;-80;-47.5;-80;-80;-80;-80;-80
19:25:26.515;-80;-80;-80;-56;-80;-80;-80;-80
19:25:26.640;-58.5;-80;-80;-80;-80;-80;-80;-80
19:25:26.640;-80;-44.5;-80;-80;-80;-80;-80;-80
19:25:26.765;-55.5;-80;-80;-80;-80;-80;-80;-80
19:25:26.765;-80;-80;-48;-80;-80;-80;-80;-80
19:25:26.765;-80;-80;-80;-53;-80;-80;-80;-80
19:25:26.875;-55;-80;-80;-80;-80;-80;-80;-80
19:25:26.890;-80;-47;-80;-80;-80;-80;-80;-80
19:25:27.000;-80;-80;-53;-80;-80;-80;-80;-80
19:25:27.015;-80;-80;-80;-51.5;-80;-80;-80;-80
19:25:27.140;-57;-80;-80;-80;-80;-80;-80;-80
19:25:27.140;-80;-46;-80;-80;-80;-80;-80;-80
19:25:27.281;-80;-80;-49.5;-80;-80;-80;-80;-80
19:25:27.281;-80;-80;-80;-53;-80;-80;-80;-80
19:25:27.390;-58.5;-80;-80;-80;-80;-80;-80;-80
19:25:27.390;-80;-46;-80;-80;-80;-80;-80;-80
19:25:27.531;-80;-80;-50.5;-80;-80;-80;-80;-80
19:25:27.546;-80;-80;-80;-58;-80;-80;-80;-80
19:25:27.640;-59.5;-80;-80;-80;-80;-80;-80;-80
19:25:27.640;-80;-44.5;-80;-80;-80;-80;-80;-80
19:25:27.781;-80;-45.5;-80;-80;-80;-80;-80;-80
19:25:27.781;-80;-80;-49;-80;-80;-80;-80;-80
19:25:27.781;-80;-80;-80;-54;-80;-80;-80;-80
19:25:27.890;-59;-80;-80;-80;-80;-80;-80;-80
19:25:27.875;-80;-80;-80;-53.5;-80;-80;-80;-80
19:25:28.078;-80;-47;-80;-80;-80;-80;-80;-80
19:25:28.078;-80;-80;-51.5;-80;-80;-80;-80;-80
19:25:28.078;-80;-80;-80;-53.5;-80;-80;-80;-80
19:25:28.140;-80;-80;-80;-54;-80;-80;-80;-80
19:25:28.281;-57;-80;-80;-80;-80;-80;-80;-80
19:25:28.281;-80;-45;-80;-80;-80;-80;-80;-80
19:25:28.281;-80;-80;-48.5;-80;-80;-80;-80;-80
19:25:28.375;-80;-80;-48.5;-80;-80;-80;-80;-80
19:25:28.390;-80;-80;-80;-57;-80;-80;-80;-80
19:25:28.515;-59.5;-80;-80;-80;-80;-80;-80;-80
19:25:28.515;-80;-44;-80;-80;-80;-80;-80;-80
19:25:28.515;-80;-80;-48;-80;-80;-80;-80;-80
19:25:28.640;-80;-80;-48;-80;-80;-80;-80;-80
19:25:28.640;-80;-80;-80;-56;-80;-80;-80;-80
19:25:28.734;-56;-80;-80;-80;-80;-80;-80;-80
19:25:28.734;-80;-44.5;-80;-80;-80;-80;-80;-80
19:25:28.734;-80;-80;-80;-57;-80;-80;-80;-80
19:25:28.875;-80;-44.5;-80;-80;-80;-80;-80;-80
19:25:28.890;-80;-80;-46.5;-80;-80;-80;-80;-80
19:25:28.890;-80;-80;-80;-55.5;-80;-80;-80;-80
19:25:29.015;-55.5;-80;-80;-80;-80;-80;-80;-80
19:25:29.015;-80;-44.5;-80;-80;-80;-80;-80;-80
19:25:29.015;-80;-80;-80;-55;-80;-80;-80;-80
19:25:29.140;-80;-44.5;-80;-80;-80;-80;-80;-80
19:25:29.140;-80;-80;-47.5;-80;-80;-80;-80;-80
19:25:29.296;-58.5;-80;-80;-80;-80;-80;-80;-80
19:25:29.296;-80;-80;-47.5;-80;-80;-80;-80;-80
19:25:29.296;-80;-80;-80;-60;-80;-80;-80;-80
19:25:29.375;-59.5;-80;-80;-80;-80;-80;-80;-80
19:25:29.390;-80;-45;-80;-80;-80;-80;-80;-80
19:25:29.531;-80;-80;-47.5;-80;-80;-80;-80;-80
19:25:29.531;-80;-80;-80;-55.5;-80;-80;-80;-80
19:25:29.625;-56;-80;-80;-80;-80;-80;-80;-80
19:25:29.750;-80;-45;-80;-80;-80;-80;-80;-80
19:25:29.750;-80;-80;-49.5;-80;-80;-80;-80;-80
19:25:29.843;-57.5;-80;-80;-80;-80;-80;-80;-80
19:25:29.843;-80;-80;-80;-53.5;-80;-80;-80;-80
19:25:29.843;-57.5;-80;-80;-80;-80;-80;-80;-80
19:25:29.875;-80;-46;-80;-80;-80;-80;-80;-80
19:25:30.015;-80;-45.5;-80;-80;-80;-80;-80;-80
19:25:30.015;-80;-80;-49;-80;-80;-80;-80;-80
19:25:30.015;-80;-80;-80;-54;-80;-80;-80;-80
19:25:30.140;-58;-80;-80;-80;-80;-80;-80;-80
19:25:30.125;-80;-80;-80;-54.5;-80;-80;-80;-80
19:25:30.281;-80;-47;-80;-80;-80;-80;-80;-80
19:25:30.281;-80;-80;-52.5;-80;-80;-80;-80;-80
19:25:30.281;-80;-80;-80;-53;-80;-80;-80;-80
19:25:30.531;-57.5;-80;-80;-80;-80;-80;-80;-80
19:25:30.562;-80;-44.5;-80;-80;-80;-80;-80;-80
19:25:30.562;-80;-80;-47;-80;-80;-80;-80;-80
19:25:30.640;-58.5;-80;-80;-80;-80;-80;-80;-80
19:25:30.765;-58.5;-80;-80;-80;-80;-80;-80;-80
19:25:30.765;-80;-44.5;-80;-80;-80;-80;-80;-80
19:25:30.765;-80;-80;-51;-80;-80;-80;-80;-80
19:25:30.890;-59;-80;-80;-80;-80;-80;-80;-80
19:25:30.890;-80;-80;-80;-52.5;-80;-80;-80;-80
19:25:31.031;-59.5;-80;-80;-80;-80;-80;-80;-80
19:25:31.031;-80;-44.5;-80;-80;-80;-80;-80;-80
19:25:31.031;-80;-80;-46;-80;-80;-80;-80;-80
19:25:31.250;-58;-80;-80;-80;-80;-80;-80;-80
19:25:31.265;-80;-45;-80;-80;-80;-80;-80;-80
19:25:31.265;-80;-80;-47;-80;-80;-80;-80;-80
19:25:31.375;-80;-80;-47.5;-80;-80;-80;-80;-80
19:25:31.390;-80;-80;-80;-61.5;-80;-80;-80;-80
19:25:31.484;-59;-80;-80;-80;-80;-80;-80;-80
19:25:31.500;-80;-45;-80;-80;-80;-80;-80;-80
19:25:31.500;-80;-80;-47;-80;-80;-80;-80;-80
19:25:31.640;-80;-80;-47;-80;-80;-80;-80;-80
19:25:31.640;-80;-80;-80;-59;-80;-80;-80;-80
19:25:31.781;-60;-80;-80;-80;-80;-80;-80;-80
19:25:31.781;-80;-44.5;-80;-80;-80;-80;-80;-80
19:25:31.781;-80;-80;-47;-80;-80;-80;-80;-80
19:25:31.890;-80;-80;-47.5;-80;-80;-80;-80;-80
19:25:32.031;-57.5;-80;-80;-80;-80;-80;-80;-80
19:25:32.031;-80;-44;-80;-80;-80;-80;-80;-80
19:25:32.031;-80;-80;-46.5;-80;-80;-80;-80;-80
19:25:32.140;-80;-80;-46.5;-80;-80;-80;-80;-80
19:25:32.265;-59;-80;-80;-80;-80;-80;-80;-80
19:25:32.265;-80;-46;-80;-80;-80;-80;-80;-80
19:25:32.265;-80;-80;-50;-80;-80;-80;-80;-80
19:25:32.406;-80;-80;-49.5;-80;-80;-80;-80;-80
19:25:32.406;-80;-80;-80;-55;-80;-80;-80;-80
19:25:32.546;-56;-80;-80;-80;-80;-80;-80;-80
19:25:32.546;-80;-44;-80;-80;-80;-80;-80;-80
19:25:32.546;-80;-80;-48;-80;-80;-80;-80;-80
19:25:32.625;-80;-80;-48;-80;-80;-80;-80;-80
19:25:32.640;-80;-80;-80;-55;-80;-80;-80;-80
19:25:32.781;-56.5;-80;-80;-80;-80;-80;-80;-80
19:25:32.781;-80;-45;-80;-80;-80;-80;-80;-80
19:25:32.781;-80;-80;-80;-55;-80;-80;-80;-80
19:25:32.890;-80;-80;-49;-80;-80;-80;-80;-80
19:25:33.000;-56;-80;-80;-80;-80;-80;-80;-80
19:25:32.984;-80;-80;-80;-53.5;-80;-80;-80;-80
19:25:33.125;-80;-44.5;-80;-80;-80;-80;-80;-80
19:25:33.140;-80;-80;-46.5;-80;-80;-80;-80;-80
19:25:33.281;-55.5;-80;-80;-80;-80;-80;-80;-80
19:25:33.281;-80;-45;-80;-80;-80;-80;-80;-80
19:25:33.281;-80;-80;-80;-55;-80;-80;-80;-80
19:25:33.375;-80;-45;-80;-80;-80;-80;-80;-80
19:25:33.390;-80;-80;-48.5;-80;-80;-80;-80;-80
19:25:33.500;-57.5;-80;-80;-80;-80;-80;-80;-80
19:25:33.500;-80;-80;-80;-53.5;-80;-80;-80;-80
19:25:33.640;-80;-45.5;-80;-80;-80;-80;-80;-80
19:25:33.640;-80;-80;-47.5;-80;-80;-80;-80;-80
19:25:33.718;-57;-80;-80;-80;-80;-80;-80;-80
19:25:33.718;-80;-80;-48;-80;-80;-80;-80;-80
19:25:33.718;-80;-80;-80;-55;-80;-80;-80;-80
19:25:33.890;-58;-80;-80;-80;-80;-80;-80;-80
19:25:33.890;-80;-46.5;-80;-80;-80;-80;-80;-80
19:25:33.890;-80;-80;-49.5;-80;-80;-80;-80;-80
19:25:34.000;-80;-80;-51;-80;-80;-80;-80;-80
19:25:34.000;-80;-80;-80;-52.5;-80;-80;-80;-80
19:25:34.140;-55.5;-80;-80;-80;-80;-80;-80;-80
19:25:34.140;-80;-45;-80;-80;-80;-80;-80;-80
19:25:34.140;-80;-80;-47;-80;-80;-80;-80;-80
19:25:34.328;-58;-80;-80;-80;-80;-80;-80;-80
19:25:34.328;-80;-80;-47.5;-80;-80;-80;-80;-80
19:25:34.328;-80;-80;-80;-56.5;-80;-80;-80;-80
19:25:34.515;-80;-45;-80;-80;-80;-80;-80;-80
19:25:34.515;-80;-80;-46.5;-80;-80;-80;-80;-80
19:25:34.640;-58;-80;-80;-80;-80;-80;-80;-80
19:25:34.765;-80;-44.5;-80;-80;-80;-80;-80;-80
19:25:34.765;-80;-80;-47;-80;-80;-80;-80;-80
19:25:34.890;-57;-80;-80;-80;-80;-80;-80;-80
19:25:34.890;-80;-80;-80;-54;-80;-80;-80;-80
19:25:34.984;-57;-80;-80;-80;-80;-80;-80;-80
19:25:34.984;-80;-45;-80;-80;-80;-80;-80;-80
19:25:34.984;-80;-80;-47.5;-80;-80;-80;-80;-80
19:25:35.109;-57;-80;-80;-80;-80;-80;-80;-80
19:25:35.109;-80;-80;-46.5;-80;-80;-80;-80;-80
19:25:35.109;-80;-80;-80;-55.5;-80;-80;-80;-80
19:25:35.265;-57;-80;-80;-80;-80;-80;-80;-80
19:25:35.265;-80;-44;-80;-80;-80;-80;-80;-80
19:25:35.265;-80;-80;-48;-80;-80;-80;-80;-80
19:25:35.390;-80;-80;-48;-80;-80;-80;-80;-80
19:25:35.390;-80;-80;-80;-55.5;-80;-80;-80;-80
19:25:35.531;-56.5;-80;-80;-80;-80;-80;-80;-80
19:25:35.531;-80;-44.5;-80;-80;-80;-80;-80;-80
19:25:35.531;-80;-80;-47;-80;-80;-80;-80;-80
19:25:35.640;-80;-80;-47.5;-80;-80;-80;-80;-80
19:25:35.640;-80;-80;-80;-55;-80;-80;-80;-80
19:25:35.796;-55.5;-80;-80;-80;-80;-80;-80;-80
19:25:35.796;-80;-44.5;-80;-80;-80;-80;-80;-80
19:25:35.812;-80;-80;-47.5;-80;-80;-80;-80;-80
19:25:35.875;-80;-80;-47.5;-80;-80;-80;-80;-80
19:25:35.890;-80;-80;-80;-55;-80;-80;-80;-80
19:25:36.046;-56;-80;-80;-80;-80;-80;-80;-80
19:25:36.046;-80;-80;-80;-55.5;-80;-80;-80;-80
19:25:36.046;-80;-44;-80;-80;-80;-80;-80;-80
19:25:36.046;-80;-80;-47.5;-80;-80;-80;-80;-80
19:25:36.140;-80;-80;-48;-80;-80;-80;-80;-80
19:25:36.140;-80;-80;-80;-57.5;-80;-80;-80;-80
19:25:36.343;-59;-80;-80;-80;-80;-80;-80;-80
19:25:36.343;-80;-44;-80;-80;-80;-80;-80;-80
19:25:36.343;-80;-80;-48.5;-80;-80;-80;-80;-80
19:25:36.375;-80;-80;-47.5;-80;-80;-80;-80;-80
19:25:36.500;-57.5;-80;-80;-80;-80;-80;-80;-80
19:25:36.515;-80;-44.5;-80;-80;-80;-80;-80;-80
19:25:36.625;-80;-45;-80;-80;-80;-80;-80;-80
19:25:36.640;-80;-80;-46.5;-80;-80;-80;-80;-80
19:25:36.640;-80;-80;-80;-59.5;-80;-80;-80;-80
19:25:36.765;-58.5;-80;-80;-80;-80;-80;-80;-80
19:25:36.765;-80;-44.5;-80;-80;-80;-80;-80;-80
19:25:36.765;-80;-80;-80;-59;-80;-80;-80;-80
19:25:36.890;-80;-45;-80;-80;-80;-80;-80;-80
19:25:36.890;-80;-80;-48;-80;-80;-80;-80;-80
19:25:36.984;-56;-80;-80;-80;-80;-80;-80;-80
19:25:36.984;-80;-80;-80;-56.5;-80;-80;-80;-80
19:25:37.140;-80;-46.5;-80;-80;-80;-80;-80;-80
19:25:37.140;-80;-80;-53;-80;-80;-80;-80;-80
19:25:37.281;-57.5;-80;-80;-80;-80;-80;-80;-80
19:25:37.281;-80;-80;-80;-53.5;-80;-80;-80;-80
19:25:37.390;-80;-45.5;-80;-80;-80;-80;-80;-80
19:25:37.390;-80;-80;-47.5;-80;-80;-80;-80;-80
19:25:37.515;-57.5;-80;-80;-80;-80;-80;-80;-80
19:25:37.515;-80;-80;-47.5;-80;-80;-80;-80;-80
19:25:37.515;-80;-80;-80;-54;-80;-80;-80;-80
19:25:37.625;-58.5;-80;-80;-80;-80;-80;-80;-80
19:25:37.640;-80;-45.5;-80;-80;-80;-80;-80;-80
19:25:37.640;-80;-80;-47.5;-80;-80;-80;-80;-80
19:25:37.796;-58.5;-80;-80;-80;-80;-80;-80;-80
19:25:37.796;-80;-80;-48;-80;-80;-80;-80;-80
19:25:37.890;-80;-45;-80;-80;-80;-80;-80;-80
19:25:38.000;-80;-80;-47.5;-80;-80;-80;-80;-80
19:25:38.000;-80;-80;-80;-55.5;-80;-80;-80;-80
19:25:38.140;-58.5;-80;-80;-80;-80;-80;-80;-80
19:25:38.140;-80;-46;-80;-80;-80;-80;-80;-80
19:25:38.265;-80;-80;-50.5;-80;-80;-80;-80;-80
19:25:38.265;-80;-80;-80;-55.5;-80;-80;-80;-80
19:25:38.390;-56.5;-80;-80;-80;-80;-80;-80;-80
19:25:38.390;-80;-45.5;-80;-80;-80;-80;-80;-80
19:25:38.531;-80;-80;-47.5;-80;-80;-80;-80;-80
19:25:38.531;-80;-80;-80;-60;-80;-80;-80;-80
19:25:38.640;-59;-80;-80;-80;-80;-80;-80;-80
19:25:38.640;-80;-44.5;-80;-80;-80;-80;-80;-80
19:25:38.781;-80;-44;-80;-80;-80;-80;-80;-80
19:25:38.781;-80;-80;-48.5;-80;-80;-80;-80;-80
19:25:38.781;-80;-80;-80;-58;-80;-80;-80;-80
19:25:38.890;-56.5;-80;-80;-80;-80;-80;-80;-80
19:25:39.046;-80;-44;-80;-80;-80;-80;-80;-80
19:25:39.046;-80;-80;-46;-80;-80;-80;-80;-80
19:25:39.140;-56;-80;-80;-80;-80;-80;-80;-80
19:25:39.265;-55.5;-80;-80;-80;-80;-80;-80;-80
19:25:39.265;-80;-44.5;-80;-80;-80;-80;-80;-80
19:25:39.265;-80;-80;-47;-80;-80;-80;-80;-80
19:25:39.390;-80;-80;-80;-61;-80;-80;-80;-80
19:25:39.531;-59.5;-80;-80;-80;-80;-80;-80;-80
19:25:39.531;-80;-45;-80;-80;-80;-80;-80;-80
19:25:39.531;-80;-80;-47.5;-80;-80;-80;-80;-80
19:25:39.625;-80;-80;-47;-80;-80;-80;-80;-80
19:25:39.796;-55.5;-80;-80;-80;-80;-80;-80;-80
19:25:39.796;-80;-44.5;-80;-80;-80;-80;-80;-80
19:25:39.796;-80;-80;-47;-80;-80;-80;-80;-80
19:25:39.890;-80;-80;-46.5;-80;-80;-80;-80;-80
19:25:39.890;-80;-80;-80;-54;-80;-80;-80;-80
19:25:40.015;-57.5;-80;-80;-80;-80;-80;-80;-80
19:25:40.015;-80;-45.5;-80;-80;-80;-80;-80;-80
19:25:40.015;-80;-80;-49;-80;-80;-80;-80;-80
19:25:40.140;-80;-80;-48.5;-80;-80;-80;-80;-80
19:25:40.140;-80;-80;-80;-54;-80;-80;-80;-80
19:25:40.281;-56.5;-80;-80;-80;-80;-80;-80;-80
19:25:40.281;-80;-45.5;-80;-80;-80;-80;-80;-80
19:25:40.281;-80;-80;-50.5;-80;-80;-80;-80;-80
19:25:40.390;-80;-80;-51;-80;-80;-80;-80;-80
19:25:40.390;-80;-80;-80;-52.5;-80;-80;-80;-80
19:25:40.546;-57.5;-80;-80;-80;-80;-80;-80;-80
19:25:40.546;-80;-44;-80;-80;-80;-80;-80;-80
19:25:40.546;-80;-80;-46.5;-80;-80;-80;-80;-80
19:25:40.640;-80;-80;-47;-80;-80;-80;-80;-80
19:25:40.765;-58;-80;-80;-80;-80;-80;-80;-80
19:25:40.765;-80;-44.5;-80;-80;-80;-80;-80;-80
19:25:40.890;-80;-80;-47.5;-80;-80;-80;-80;-80
19:25:40.890;-80;-80;-80;-53.5;-80;-80;-80;-80
19:25:41.000;-60;-80;-80;-80;-80;-80;-80;-80
19:25:41.000;-80;-45.5;-80;-80;-80;-80;-80;-80
19:25:41.000;-80;-80;-80;-53;-80;-80;-80;-80
19:25:41.140;-80;-80;-51.5;-80;-80;-80;-80;-80
19:25:41.296;-56;-80;-80;-80;-80;-80;-80;-80
19:25:41.312;-80;-41.5;-80;-80;-80;-80;-80;-80
19:25:41.390;-80;-80;-47.5;-80;-80;-80;-80;-80
19:25:41.531;-58.5;-80;-80;-80;-80;-80;-80;-80
19:25:41.531;-80;-44;-80;-80;-80;-80;-80;-80
19:25:41.640;-80;-44;-80;-80;-80;-80;-80;-80
19:25:41.640;-80;-80;-48;-80;-80;-80;-80;-80
19:25:41.781;-60;-80;-80;-80;-80;-80;-80;-80
19:25:41.781;-80;-44.5;-80;-80;-80;-80;-80;-80
19:25:41.875;-80;-44.5;-80;-80;-80;-80;-80;-80
19:25:41.890;-80;-80;-47.5;-80;-80;-80;-80;-80
19:25:41.984;-58;-80;-80;-80;-80;-80;-80;-80
19:25:42.140;-80;-44.5;-80;-80;-80;-80;-80;-80
19:25:42.140;-80;-80;-47;-80;-80;-80;-80;-80
19:25:42.250;-57;-80;-80;-80;-80;-80;-80;-80
19:25:42.250;-80;-80;-46.5;-80;-80;-80;-80;-80
19:25:42.390;-80;-46;-80;-80;-80;-80;-80;-80
19:25:42.546;-80;-80;-50.5;-80;-80;-80;-80;-80
19:25:42.546;-80;-80;-80;-55;-80;-80;-80;-80
19:25:42.640;-56.5;-80;-80;-80;-80;-80;-80;-80
19:25:42.796;-80;-45.5;-80;-80;-80;-80;-80;-80
19:25:42.812;-80;-80;-46.5;-80;-80;-80;-80;-80
19:25:42.812;-80;-80;-80;-54.5;-80;-80;-80;-80
19:25:42.890;-56;-80;-80;-80;-80;-80;-80;-80
19:25:42.890;-80;-80;-80;-56;-80;-80;-80;-80
19:25:43.031;-56;-80;-80;-80;-80;-80;-80;-80
19:25:43.031;-80;-45.5;-80;-80;-80;-80;-80;-80
19:25:43.031;-80;-80;-48;-80;-80;-80;-80;-80
19:25:43.140;-80;-80;-80;-53;-80;-80;-80;-80
19:25:43.250;-56;-80;-80;-80;-80;-80;-80;-80
19:25:43.250;-80;-45;-80;-80;-80;-80;-80;-80
19:25:43.250;-80;-80;-46.5;-80;-80;-80;-80;-80
19:25:43.406;-80;-80;-46.5;-80;-80;-80;-80;-80
19:25:43.406;-80;-80;-80;-56;-80;-80;-80;-80
19:25:43.546;-56.5;-80;-80;-80;-80;-80;-80;-80
19:25:43.546;-80;-45.5;-80;-80;-80;-80;-80;-80
19:25:43.546;-80;-80;-49;-80;-80;-80;-80;-80
19:25:43.640;-80;-80;-48.5;-80;-80;-80;-80;-80
19:25:43.640;-80;-80;-80;-54.5;-80;-80;-80;-80
19:25:43.781;-55;-80;-80;-80;-80;-80;-80;-80
19:25:43.796;-80;-45.5;-80;-80;-80;-80;-80;-80
19:25:43.796;-80;-80;-47.5;-80;-80;-80;-80;-80
19:25:43.906;-80;-80;-47.5;-80;-80;-80;-80;-80
19:25:43.906;-80;-80;-80;-55;-80;-80;-80;-80
19:25:44.031;-58.5;-80;-80;-80;-80;-80;-80;-80
19:25:44.062;-80;-46;-80;-80;-80;-80;-80;-80
19:25:44.062;-80;-80;-51;-80;-80;-80;-80;-80
19:25:44.140;-80;-80;-50.5;-80;-80;-80;-80;-80
19:25:44.140;-80;-80;-80;-54;-80;-80;-80;-80
19:25:44.281;-59;-80;-80;-80;-80;-80;-80;-80
19:25:44.281;-80;-45;-80;-80;-80;-80;-80;-80
19:25:44.390;-80;-80;-47.5;-80;-80;-80;-80;-80
19:25:44.484;-56.5;-80;-80;-80;-80;-80;-80;-80
19:25:44.484;-80;-80;-80;-56.5;-80;-80;-80;-80
19:25:44.640;-80;-44.5;-80;-80;-80;-80;-80;-80
19:25:44.640;-80;-80;-47;-80;-80;-80;-80;-80
19:25:44.812;-58;-80;-80;-80;-80;-80;-80;-80
19:25:44.812;-80;-45;-80;-80;-80;-80;-80;-80
19:25:44.890;-80;-80;-48.5;-80;-80;-80;-80;-80
19:25:44.890;-80;-80;-80;-57;-80;-80;-80;-80
19:25:45.031;-56.5;-80;-80;-80;-80;-80;-80;-80
19:25:45.031;-80;-45;-80;-80;-80;-80;-80;-80
19:25:45.031;-80;-80;-80;-56.5;-80;-80;-80;-80
19:25:45.140;-80;-80;-48.5;-80;-80;-80;-80;-80
19:25:45.140;-80;-80;-80;-55;-80;-80;-80;-80
19:25:45.296;-56;-80;-80;-80;-80;-80;-80;-80
19:25:45.296;-80;-45.5;-80;-80;-80;-80;-80;-80
19:25:45.296;-80;-80;-80;-54.5;-80;-80;-80;-80
19:25:45.390;-80;-80;-49;-80;-80;-80;-80;-80
19:25:45.515;-56.5;-80;-80;-80;-80;-80;-80;-80
19:25:45.515;-80;-80;-80;-55;-80;-80;-80;-80
19:25:45.640;-80;-45.5;-80;-80;-80;-80;-80;-80
19:25:45.640;-80;-80;-47.5;-80;-80;-80;-80;-80
19:25:45.765;-56.5;-80;-80;-80;-80;-80;-80;-80
19:25:45.765;-80;-80;-80;-55.5;-80;-80;-80;-80
19:25:45.875;-56;-80;-80;-80;-80;-80;-80;-80
19:25:45.890;-80;-44.5;-80;-80;-80;-80;-80;-80
19:25:45.890;-80;-80;-48;-80;-80;-80;-80;-80
19:25:46.000;-80;-80;-47.5;-80;-80;-80;-80;-80
19:25:46.000;-80;-80;-80;-56;-80;-80;-80;-80
19:25:46.093;-56.5;-80;-80;-80;-80;-80;-80;-80
19:25:46.093;-80;-45.5;-80;-80;-80;-80;-80;-80
19:25:46.140;-80;-80;-47.5;-80;-80;-80;-80;-80
19:25:46.250;-59.5;-80;-80;-80;-80;-80;-80;-80
19:25:46.250;-80;-80;-80;-59;-80;-80;-80;-80
19:25:46.390;-59;-80;-80;-80;-80;-80;-80;-80
19:25:46.390;-80;-44.5;-80;-80;-80;-80;-80;-80
19:25:46.390;-80;-80;-46.5;-80;-80;-80;-80;-80
19:25:46.500;-59;-80;-80;-80;-80;-80;-80;-80
19:25:46.500;-80;-80;-80;-57.5;-80;-80;-80;-80
19:25:46.640;-80;-44.5;-80;-80;-80;-80;-80;-80
19:25:46.640;-80;-80;-47.5;-80;-80;-80;-80;-80
19:25:46.750;-58.5;-80;-80;-80;-80;-80;-80;-80
19:25:46.750;-80;-80;-47.5;-80;-80;-80;-80;-80
19:25:46.906;-80;-44.5;-80;-80;-80;-80;-80;-80
19:25:46.906;-80;-80;-48;-80;-80;-80;-80;-80
19:25:47.031;-56;-80;-80;-80;-80;-80;-80;-80
19:25:47.031;-80;-80;-80;-59;-80;-80;-80;-80
19:25:47.140;-80;-45.5;-80;-80;-80;-80;-80;-80
19:25:47.265;-80;-80;-51.5;-80;-80;-80;-80;-80
19:25:47.265;-80;-80;-80;-53.5;-80;-80;-80;-80
19:25:47.390;-58;-80;-80;-80;-80;-80;-80;-80
19:25:47.500;-80;-45.5;-80;-80;-80;-80;-80;-80
19:25:47.500;-80;-80;-48.5;-80;-80;-80;-80;-80
19:25:47.625;-59;-80;-80;-80;-80;-80;-80;-80
19:25:47.625;-80;-80;-80;-55;-80;-80;-80;-80
19:25:47.750;-80;-46.5;-80;-80;-80;-80;-80;-80
19:25:47.750;-80;-80;-50;-80;-80;-80;-80;-80
19:25:47.890;-59;-80;-80;-80;-80;-80;-80;-80
19:25:47.890;-80;-80;-80;-60;-80;-80;-80;-80
19:25:48.015;-59;-80;-80;-80;-80;-80;-80;-80
19:25:48.015;-80;-45;-80;-80;-80;-80;-80;-80
19:25:48.015;-80;-80;-47.5;-80;-80;-80;-80;-80
19:25:48.140;-56.5;-80;-80;-80;-80;-80;-80;-80
19:25:48.140;-80;-80;-48;-80;-80;-80;-80;-80
19:25:48.140;-80;-80;-80;-55.5;-80;-80;-80;-80
19:25:48.265;-56;-80;-80;-80;-80;-80;-80;-80
19:25:48.281;-80;-46;-80;-80;-80;-80;-80;-80
19:25:48.281;-80;-80;-51.5;-80;-80;-80;-80;-80
19:25:48.390;-57.5;-80;-80;-80;-80;-80;-80;-80
19:25:48.390;-80;-80;-80;-53;-80;-80;-80;-80
19:25:48.500;-80;-45.5;-80;-80;-80;-80;-80;-80
19:25:48.500;-80;-80;-48;-80;-80;-80;-80;-80
19:25:48.625;-59;-80;-80;-80;-80;-80;-80;-80
19:25:48.625;-80;-80;-48.5;-80;-80;-80;-80;-80
19:25:48.625;-80;-80;-80;-55;-80;-80;-80;-80
19:25:48.781;-59.5;-80;-80;-80;-80;-80;-80;-80
19:25:48.781;-80;-45;-80;-80;-80;-80;-80;-80
19:25:48.781;-80;-80;-49;-80;-80;-80;-80;-80
19:25:48.890;-80;-80;-80;-56.5;-80;-80;-80;-80
19:25:49.031;-57;-80;-80;-80;-80;-80;-80;-80
19:25:49.046;-80;-44.5;-80;-80;-80;-80;-80;-80
19:25:49.046;-80;-80;-47;-80;-80;-80;-80;-80
19:25:49.125;-80;-80;-46;-80;-80;-80;-80;-80
19:25:49.265;-57;-80;-80;-80;-80;-80;-80;-80
19:25:49.265;-80;-45.5;-80;-80;-80;-80;-80;-80
19:25:49.375;-80;-80;-48;-80;-80;-80;-80;-80
19:25:49.375;-80;-80;-80;-55;-80;-80;-80;-80
19:25:49.546;-60.5;-80;-80;-80;-80;-80;-80;-80
19:25:49.546;-80;-44.5;-80;-80;-80;-80;-80;-80
19:25:49.546;-80;-80;-49;-80;-80;-80;-80;-80
19:25:49.640;-80;-80;-48;-80;-80;-80;-80;-80
19:25:49.640;-80;-80;-80;-60.5;-80;-80;-80;-80
19:25:49.750;-59;-80;-80;-80;-80;-80;-80;-80
19:25:49.750;-80;-44.5;-80;-80;-80;-80;-80;-80
19:25:49.750;-80;-80;-80;-60.5;-80;-80;-80;-80
19:25:49.890;-80;-44;-80;-80;-80;-80;-80;-80
19:25:49.890;-80;-80;-48;-80;-80;-80;-80;-80
19:25:50.000;-56.5;-80;-80;-80;-80;-80;-80;-80
19:25:50.000;-80;-80;-80;-55;-80;-80;-80;-80
19:25:50.109;-80;-46;-80;-80;-80;-80;-80;-80
19:25:50.109;-80;-80;-50.5;-80;-80;-80;-80;-80
19:25:50.250;-57.5;-80;-80;-80;-80;-80;-80;-80
19:25:50.250;-80;-80;-80;-53.5;-80;-80;-80;-80
19:25:50.359;-80;-46;-80;-80;-80;-80;-80;-80
19:25:50.375;-80;-80;-49;-80;-80;-80;-80;-80
19:25:50.500;-58;-80;-80;-80;-80;-80;-80;-80
19:25:50.500;-80;-80;-80;-53.5;-80;-80;-80;-80
19:25:50.640;-80;-46.5;-80;-80;-80;-80;-80;-80
19:25:50.640;-80;-80;-53.5;-80;-80;-80;-80;-80
19:25:50.781;-58;-80;-80;-80;-80;-80;-80;-80
19:25:50.781;-80;-44;-80;-80;-80;-80;-80;-80
19:25:50.890;-80;-44;-80;-80;-80;-80;-80;-80
19:25:50.890;-80;-80;-48.5;-80;-80;-80;-80;-80
19:25:51.015;-59;-80;-80;-80;-80;-80;-80;-80
19:25:51.015;-80;-44.5;-80;-80;-80;-80;-80;-80
19:25:51.140;-80;-46;-80;-80;-80;-80;-80;-80
19:25:51.140;-80;-80;-52.5;-80;-80;-80;-80;-80
19:25:51.140;-80;-80;-80;-53.5;-80;-80;-80;-80
19:25:51.234;-57;-80;-80;-80;-80;-80;-80;-80
19:25:51.234;-80;-46.5;-80;-80;-80;-80;-80;-80
19:25:51.234;-80;-80;-80;-52.5;-80;-80;-80;-80
19:25:51.390;-80;-44;-80;-80;-80;-80;-80;-80
19:25:51.390;-80;-80;-47;-80;-80;-80;-80;-80
19:25:51.562;-60;-80;-80;-80;-80;-80;-80;-80
19:25:51.562;-80;-44.5;-80;-80;-80;-80;-80;-80
19:25:51.562;-80;-80;-48;-80;-80;-80;-80;-80
19:25:51.640;-80;-80;-49;-80;-80;-80;-80;-80
19:25:51.640;-80;-80;-80;-60.5;-80;-80;-80;-80
19:25:51.781;-60;-80;-80;-80;-80;-80;-80;-80
19:25:51.781;-80;-44.5;-80;-80;-80;-80;-80;-80
19:25:51.890;-80;-80;-47.5;-80;-80;-80;-80;-80
19:25:51.984;-80;-80;-80;-59.5;-80;-80;-80;-80
19:25:51.984;-61.5;-80;-80;-80;-80;-80;-80;-80
19:25:51.984;-80;-80;-80;-60;-80;-80;-80;-80
19:25:52.140;-80;-44.5;-80;-80;-80;-80;-80;-80
19:25:52.140;-80;-80;-49;-80;-80;-80;-80;-80
19:25:52.234;-59;-80;-80;-80;-80;-80;-80;-80
19:25:52.390;-80;-44.5;-80;-80;-80;-80;-80;-80
19:25:52.390;-80;-80;-47.5;-80;-80;-80;-80;-80
19:25:52.546;-58.5;-80;-80;-80;-80;-80;-80;-80
19:25:52.546;-80;-46;-80;-80;-80;-80;-80;-80
19:25:52.640;-80;-80;-50;-80;-80;-80;-80;-80
19:25:52.640;-80;-80;-80;-54;-80;-80;-80;-80
19:25:52.796;-80;-80;-80;-54;-80;-80;-80;-80
19:25:52.796;-57;-80;-80;-80;-80;-80;-80;-80
19:25:52.812;-80;-44.5;-80;-80;-80;-80;-80;-80
19:25:52.890;-80;-80;-48;-80;-80;-80;-80;-80
19:25:52.984;-80;-80;-80;-56;-80;-80;-80;-80
19:25:52.984;-56.5;-80;-80;-80;-80;-80;-80;-80
19:25:52.984;-80;-80;-80;-56.5;-80;-80;-80;-80
19:25:53.125;-56;-80;-80;-80;-80;-80;-80;-80
19:25:53.125;-80;-45.5;-80;-80;-80;-80;-80;-80
19:25:53.125;-80;-80;-48.5;-80;-80;-80;-80;-80
19:25:53.281;-54.5;-80;-80;-80;-80;-80;-80;-80
19:25:53.281;-80;-80;-48.5;-80;-80;-80;-80;-80
19:25:53.281;-80;-80;-80;-55;-80;-80;-80;-80
19:25:53.390;-58;-80;-80;-80;-80;-80;-80;-80
19:25:53.390;-80;-44;-80;-80;-80;-80;-80;-80
19:25:53.390;-80;-80;-46.5;-80;-80;-80;-80;-80
19:25:53.531;-56.5;-80;-80;-80;-80;-80;-80;-80
19:25:53.531;-80;-80;-46;-80;-80;-80;-80;-80
19:25:53.640;-80;-45;-80;-80;-80;-80;-80;-80
19:25:53.750;-80;-80;-49.5;-80;-80;-80;-80;-80
19:25:53.750;-80;-80;-80;-54.5;-80;-80;-80;-80
19:25:53.890;-57;-80;-80;-80;-80;-80;-80;-80
19:25:53.890;-80;-46;-80;-80;-80;-80;-80;-80
19:25:53.890;-80;-80;-48.5;-80;-80;-80;-80;-80
19:25:54.031;-80;-80;-48.5;-80;-80;-80;-80;-80
19:25:54.031;-80;-80;-80;-55.5;-80;-80;-80;-80
19:25:54.062;-56.5;-80;-80;-80;-80;-80;-80;-80
19:25:54.062;-80;-80;-80;-56.5;-80;-80;-80;-80
19:25:54.140;-57;-80;-80;-80;-80;-80;-80;-80
19:25:54.140;-80;-46.5;-80;-80;-80;-80;-80;-80
19:25:54.234;-80;-80;-51.5;-80;-80;-80;-80;-80
19:25:54.234;-80;-80;-80;-54.5;-80;-80;-80;-80
19:25:54.390;-59;-80;-80;-80;-80;-80;-80;-80
19:25:54.390;-80;-45;-80;-80;-80;-80;-80;-80
19:25:54.500;-80;-80;-48;-80;-80;-80;-80;-80
19:25:54.500;-80;-80;-80;-58;-80;-80;-80;-80
19:25:54.640;-58;-80;-80;-80;-80;-80;-80;-80
19:25:54.640;-80;-44.5;-80;-80;-80;-80;-80;-80
19:25:54.781;-57;-80;-80;-80;-80;-80;-80;-80
19:25:54.781;-80;-80;-47;-80;-80;-80;-80;-80
19:25:54.890;-57;-80;-80;-80;-80;-80;-80;-80
19:25:54.890;-80;-45;-80;-80;-80;-80;-80;-80
19:25:54.984;-80;-80;-47.5;-80;-80;-80;-80;-80
19:25:54.984;-80;-80;-80;-57;-80;-80;-80;-80
19:25:54.984;-80;-80;-80;-56;-80;-80;-80;-80
19:25:55.125;-58.5;-80;-80;-80;-80;-80;-80;-80
19:25:55.125;-80;-45.5;-80;-80;-80;-80;-80;-80
19:25:55.125;-80;-80;-48;-80;-80;-80;-80;-80
19:25:55.234;-57.5;-80;-80;-80;-80;-80;-80;-80
19:25:55.234;-80;-80;-47.5;-80;-80;-80;-80;-80
19:25:55.234;-80;-80;-80;-56;-80;-80;-80;-80
19:25:55.359;-57.5;-80;-80;-80;-80;-80;-80;-80
19:25:55.359;-80;-45.5;-80;-80;-80;-80;-80;-80
19:25:55.359;-80;-80;-47;-80;-80;-80;-80;-80
19:25:55.390;-80;-80;-47;-80;-80;-80;-80;-80
19:25:55.515;-57;-80;-80;-80;-80;-80;-80;-80
19:25:55.500;-80;-80;-80;-55;-80;-80;-80;-80
19:25:55.640;-80;-45.5;-80;-80;-80;-80;-80;-80
19:25:55.640;-80;-80;-48;-80;-80;-80;-80;-80
19:25:55.796;-57;-80;-80;-80;-80;-80;-80;-80
19:25:55.796;-80;-80;-80;-56;-80;-80;-80;-80
19:25:55.890;-80;-45;-80;-80;-80;-80;-80;-80
19:25:55.890;-80;-80;-47;-80;-80;-80;-80;-80
19:25:56.031;-80;-80;-47.5;-80;-80;-80;-80;-80
19:25:56.031;-80;-80;-80;-55;-80;-80;-80;-80
19:25:56.031;-57;-80;-80;-80;-80;-80;-80;-80
19:25:56.140;-57;-80;-80;-80;-80;-80;-80;-80
19:25:56.140;-80;-45;-80;-80;-80;-80;-80;-80
19:25:56.250;-80;-80;-47;-80;-80;-80;-80;-80
19:25:56.250;-80;-80;-80;-55.5;-80;-80;-80;-80
19:25:56.390;-60;-80;-80;-80;-80;-80;-80;-80
19:25:56.390;-80;-44.5;-80;-80;-80;-80;-80;-80
19:25:56.515;-80;-80;-48.5;-80;-80;-80;-80;-80
19:25:56.515;-80;-80;-80;-58.5;-80;-80;-80;-80
19:25:56.640;-59;-80;-80;-80;-80;-80;-80;-80
19:25:56.640;-80;-44.5;-80;-80;-80;-80;-80;-80
19:25:56.765;-80;-45;-80;-80;-80;-80;-80;-80
19:25:56.765;-80;-80;-48;-80;-80;-80;-80;-80
19:25:56.890;-55.5;-80;-80;-80;-80;-80;-80;-80
19:25:56.890;-80;-44.5;-80;-80;-80;-80;-80;-80
19:25:57.000;-80;-80;-48;-80;-80;-80;-80;-80
19:25:57.000;-80;-80;-80;-58.5;-80;-80;-80;-80
19:25:57.140;-60;-80;-80;-80;-80;-80;-80;-80
19:25:57.140;-80;-45.5;-80;-80;-80;-80;-80;-80
19:25:57.265;-80;-80;-47;-80;-80;-80;-80;-80
19:25:57.265;-80;-80;-80;-55.5;-80;-80;-80;-80
19:25:57.390;-60.5;-80;-80;-80;-80;-80;-80;-80
19:25:57.390;-80;-47;-80;-80;-80;-80;-80;-80
19:25:57.484;-80;-80;-51.5;-80;-80;-80;-80;-80
19:25:57.500;-80;-80;-80;-56;-80;-80;-80;-80
19:25:57.640;-57.5;-80;-80;-80;-80;-80;-80;-80
19:25:57.640;-80;-46;-80;-80;-80;-80;-80;-80
19:25:57.796;-56;-80;-80;-80;-80;-80;-80;-80
19:25:57.796;-80;-80;-50.5;-80;-80;-80;-80;-80
19:25:57.796;-80;-80;-80;-53;-80;-80;-80;-80
19:25:57.890;-56;-80;-80;-80;-80;-80;-80;-80
19:25:57.890;-80;-48;-80;-80;-80;-80;-80;-80
19:25:58.046;-80;-48;-80;-80;-80;-80;-80;-80
19:25:58.046;-80;-80;-49;-80;-80;-80;-80;-80
19:25:58.140;-51.5;-80;-80;-80;-80;-80;-80;-80
19:25:58.156;-52.5;-80;-80;-80;-80;-80;-80;-80
19:25:58.250;-80;-45.5;-80;-80;-80;-80;-80;-80
19:25:58.265;-80;-80;-48;-80;-80;-80;-80;-80
19:25:58.265;-80;-80;-80;-56.5;-80;-80;-80;-80
19:25:58.390;-59.5;-80;-80;-80;-80;-80;-80;-80
19:25:58.390;-80;-80;-80;-55.5;-80;-80;-80;-80
19:25:58.531;-80;-47;-80;-80;-80;-80;-80;-80
19:25:58.531;-80;-80;-51.5;-80;-80;-80;-80;-80
19:25:58.546;-80;-80;-80;-54;-80;-80;-80;-80
19:25:58.640;-58;-80;-80;-80;-80;-80;-80;-80
19:25:58.640;-80;-80;-80;-54.5;-80;-80;-80;-80
19:25:58.796;-80;-45;-80;-80;-80;-80;-80;-80
19:25:58.796;-80;-80;-48;-80;-80;-80;-80;-80
19:25:58.796;-80;-80;-80;-57;-80;-80;-80;-80
19:25:58.890;-56;-80;-80;-80;-80;-80;-80;-80
19:25:58.890;-80;-80;-80;-59.5;-80;-80;-80;-80
19:25:58.968;-55.5;-80;-80;-80;-80;-80;-80;-80
19:25:58.968;-80;-45;-80;-80;-80;-80;-80;-80
19:25:59.093;-80;-80;-49;-80;-80;-80;-80;-80
19:25:59.093;-80;-80;-80;-56.5;-80;-80;-80;-80
19:25:59.265;-50.5;-80;-80;-80;-80;-80;-80;-80
19:25:59.265;-80;-44.5;-80;-80;-80;-80;-80;-80
19:25:59.390;-80;-80;-47.5;-80;-80;-80;-80;-80
19:25:59.390;-80;-80;-80;-56;-80;-80;-80;-80
19:25:59.500;-53.5;-80;-80;-80;-80;-80;-80;-80
19:25:59.500;-80;-45.5;-80;-80;-80;-80;-80;-80
19:25:59.500;-80;-80;-80;-56.5;-80;-80;-80;-80
19:25:59.640;-80;-45.5;-80;-80;-80;-80;-80;-80
19:25:59.640;-80;-80;-48;-80;-80;-80;-80;-80
19:25:59.765;-53.5;-80;-80;-80;-80;-80;-80;-80
19:25:59.890;-80;-45.5;-80;-80;-80;-80;-80;-80
19:26:00.015;-80;-80;-48.5;-80;-80;-80;-80;-80
19:26:00.015;-80;-80;-80;-55.5;-80;-80;-80;-80
19:26:00.109;-56.5;-80;-80;-80;-80;-80;-80;-80
19:26:00.140;-80;-45.5;-80;-80;-80;-80;-80;-80
19:26:00.328;-54;-80;-80;-80;-80;-80;-80;-80
19:26:00.328;-80;-80;-51;-80;-80;-80;-80;-80
19:26:00.328;-80;-80;-80;-55;-80;-80;-80;-80
19:26:00.390;-80;-47;-80;-80;-80;-80;-80;-80
19:26:00.562;-56.5;-80;-80;-80;-80;-80;-80;-80
19:26:00.562;-80;-47.5;-80;-80;-80;-80;-80;-80
19:26:00.562;-80;-80;-50;-80;-80;-80;-80;-80
19:26:00.562;-80;-80;-80;-54.5;-80;-80;-80;-80
19:26:00.640;-56;-80;-80;-80;-80;-80;-80;-80
19:26:00.734;-80;-48.5;-80;-80;-80;-80;-80;-80
19:26:00.734;-80;-80;-52.5;-80;-80;-80;-80;-80
19:26:00.734;-80;-80;-80;-54;-80;-80;-80;-80
19:26:01.015;-54.5;-80;-80;-80;-80;-80;-80;-80
19:26:01.015;-80;-45;-80;-80;-80;-80;-80;-80
19:26:01.015;-80;-80;-48.5;-80;-80;-80;-80;-80
19:26:01.140;-80;-80;-49;-80;-80;-80;-80;-80
19:26:01.265;-60;-80;-80;-80;-80;-80;-80;-80
19:26:01.265;-80;-46;-80;-80;-80;-80;-80;-80
19:26:01.390;-80;-80;-53;-80;-80;-80;-80;-80
19:26:01.390;-80;-80;-80;-53;-80;-80;-80;-80
19:26:01.515;-51.5;-80;-80;-80;-80;-80;-80;-80
19:26:01.515;-80;-45;-80;-80;-80;-80;-80;-80
19:26:01.640;-80;-45.5;-80;-80;-80;-80;-80;-80
19:26:01.640;-80;-80;-48.5;-80;-80;-80;-80;-80
19:26:01.765;-56;-80;-80;-80;-80;-80;-80;-80
19:26:01.890;-80;-45.5;-80;-80;-80;-80;-80;-80
19:26:01.890;-80;-80;-49.5;-80;-80;-80;-80;-80
19:26:01.968;-56;-80;-80;-80;-80;-80;-80;-80
19:26:01.968;-80;-80;-49;-80;-80;-80;-80;-80
19:26:02.093;-56.5;-80;-80;-80;-80;-80;-80;-80
19:26:02.093;-80;-45.5;-80;-80;-80;-80;-80;-80
19:26:02.093;-80;-80;-50;-80;-80;-80;-80;-80
19:26:02.140;-80;-80;-50.5;-80;-80;-80;-80;-80
19:26:02.250;-56.5;-80;-80;-80;-80;-80;-80;-80
19:26:02.375;-80;-44.5;-80;-80;-80;-80;-80;-80
19:26:02.375;-80;-80;-50.5;-80;-80;-80;-80;-80
19:26:02.562;-57.5;-80;-80;-80;-80;-80;-80;-80
19:26:02.562;-80;-46.5;-80;-80;-80;-80;-80;-80
19:26:02.640;-80;-46.5;-80;-80;-80;-80;-80;-80
19:26:02.781;-80;-80;-55;-80;-80;-80;-80;-80
19:26:02.781;-80;-80;-80;-55.5;-80;-80;-80;-80
19:26:02.890;-80;-45.5;-80;-80;-80;-80;-80;-80
19:26:03.031;-80;-80;-49;-80;-80;-80;-80;-80
19:26:03.031;-80;-80;-80;-56;-80;-80;-80;-80
19:26:03.125;-80;-46;-80;-80;-80;-80;-80;-80
19:26:03.312;-80;-80;-47;-80;-80;-80;-80;-80
19:26:03.312;-80;-80;-80;-56.5;-80;-80;-80;-80
19:26:03.390;-80;-49.5;-80;-80;-80;-80;-80;-80
19:26:03.562;-57;-80;-80;-80;-80;-80;-80;-80
19:26:03.562;-80;-80;-49.5;-80;-80;-80;-80;-80
19:26:03.562;-80;-80;-80;-58.5;-80;-80;-80;-80
19:26:03.640;-80;-51;-80;-80;-80;-80;-80;-80
19:26:03.796;-57;-80;-80;-80;-80;-80;-80;-80
19:26:03.796;-80;-80;-48.5;-80;-80;-80;-80;-80
19:26:03.796;-80;-80;-80;-56;-80;-80;-80;-80
19:26:03.890;-57.5;-80;-80;-80;-80;-80;-80;-80
19:26:03.890;-80;-52.5;-80;-80;-80;-80;-80;-80
19:26:04.015;-80;-52;-80;-80;-80;-80;-80;-80
19:26:04.015;-80;-80;-52;-80;-80;-80;-80;-80
19:26:04.015;-80;-80;-80;-51.5;-80;-80;-80;-80
19:26:04.140;-55;-80;-80;-80;-80;-80;-80;-80
19:26:04.218;-80;-48;-80;-80;-80;-80;-80;-80
19:26:04.218;-80;-80;-51.5;-80;-80;-80;-80;-80
19:26:04.390;-80;-80;-80;-49.5;-80;-80;-80;-80
19:26:04.562;-80;-52.5;-80;-80;-80;-80;-80;-80
19:26:04.781;-80;-54.5;-80;-80;-80;-80;-80;-80
19:26:04.890;-80;-80;-55;-80;-80;-80;-80;-80
19:26:05.531;-80;-55;-80;-80;-80;-80;-80;-80
19:26:05.640;-80;-56.5;-80;-80;-80;-80;-80;-80
19:26:05.640;-80;-80;-54;-80;-80;-80;-80;-80
19:26:05.781;-80;-80;-54.5;-80;-80;-80;-80;-80
19:26:05.890;-80;-54.5;-80;-80;-80;-80;-80;-80
19:26:06.062;-80;-80;-80;-55.5;-80;-80;-80;-80
19:26:06.140;-80;-52;-80;-80;-80;-80;-80;-80
19:26:06.312;-53.5;-80;-80;-80;-80;-80;-80;-80
19:26:06.312;-80;-53.5;-80;-80;-80;-80;-80;-80
19:26:06.390;-53;-80;-80;-80;-80;-80;-80;-80
19:26:06.578;-80;-80;-80;-56.5;-80;-80;-80;-80
19:26:06.640;-48;-80;-80;-80;-80;-80;-80;-80
19:26:06.859;-48;-80;-80;-80;-80;-80;-80;-80
19:26:07.062;-47;-80;-80;-80;-80;-80;-80;-80
19:26:07.062;-80;-55;-80;-80;-80;-80;-80;-80
19:26:07.062;-80;-80;-80;-55.5;-80;-80;-80;-80
19:26:07.140;-80;-80;-80;-55.5;-80;-80;-80;-80
19:26:07.218;-50;-80;-80;-80;-80;-80;-80;-80
19:26:07.218;-80;-60;-80;-80;-80;-80;-80;-80
19:26:07.359;-80;-59.5;-80;-80;-80;-80;-80;-80
19:26:07.375;-80;-80;-57;-80;-80;-80;-80;-80
19:26:07.375;-80;-80;-80;-59;-80;-80;-80;-80
19:26:07.500;-80;-59.5;-80;-80;-80;-80;-80;-80
19:26:07.640;-80;-80;-56.5;-80;-80;-80;-80;-80
19:26:07.640;-80;-80;-80;-60.5;-80;-80;-80;-80
19:26:07.828;-54.5;-80;-80;-80;-80;-80;-80;-80
19:26:07.828;-80;-80;-55.5;-80;-80;-80;-80;-80
19:26:07.890;-80;-80;-57;-80;-80;-80;-80;-80
19:26:08.062;-51;-80;-80;-80;-80;-80;-80;-80
19:26:08.062;-80;-60.5;-80;-80;-80;-80;-80;-80
19:26:08.140;-80;-80;-55;-80;-80;-80;-80;-80
19:26:08.328;-51;-80;-80;-80;-80;-80;-80;-80
19:26:08.531;-48;-80;-80;-80;-80;-80;-80;-80
19:26:08.531;-80;-80;-56.5;-80;-80;-80;-80;-80
19:26:08.640;-48;-80;-80;-80;-80;-80;-80;-80
19:26:08.640;-80;-57.5;-80;-80;-80;-80;-80;-80
19:26:08.875;-48;-80;-80;-80;-80;-80;-80;-80
19:26:08.875;-80;-58;-80;-80;-80;-80;-80;-80
19:26:08.875;-80;-80;-56;-80;-80;-80;-80;-80
19:26:09.046;-80;-59;-80;-80;-80;-80;-80;-80
19:26:09.046;-80;-80;-57.5;-80;-80;-80;-80;-80
19:26:09.140;-48.5;-80;-80;-80;-80;-80;-80;-80
19:26:09.296;-49;-80;-80;-80;-80;-80;-80;-80
19:26:09.296;-80;-58.5;-80;-80;-80;-80;-80;-80
19:26:09.296;-80;-58;-80;-80;-80;-80;-80;-80
19:26:09.296;-80;-80;-56.5;-80;-80;-80;-80;-80
19:26:09.531;-52.5;-80;-80;-80;-80;-80;-80;-80
19:26:09.531;-80;-57.5;-80;-80;-80;-80;-80;-80
19:26:09.531;-80;-80;-58;-80;-80;-80;-80;-80
19:26:09.640;-80;-80;-57.5;-80;-80;-80;-80;-80
19:26:09.765;-53;-80;-80;-80;-80;-80;-80;-80
19:26:09.765;-80;-58;-80;-80;-80;-80;-80;-80
19:26:09.765;-80;-80;-56;-80;-80;-80;-80;-80
19:26:09.890;-80;-80;-56.5;-80;-80;-80;-80;-80
19:26:10.046;-59.5;-80;-80;-80;-80;-80;-80;-80
19:26:10.046;-80;-57.5;-80;-80;-80;-80;-80;-80
19:26:10.046;-80;-80;-57;-80;-80;-80;-80;-80
19:26:10.140;-80;-80;-57.5;-80;-80;-80;-80;-80
19:26:10.296;-80;-58;-80;-80;-80;-80;-80;-80
19:26:10.296;-80;-80;-58;-80;-80;-80;-80;-80
19:26:10.390;-80;-80;-58.5;-80;-80;-80;-80;-80
19:26:10.546;-80;-56.5;-80;-80;-80;-80;-80;-80
19:26:10.546;-80;-57.5;-80;-80;-80;-80;-80;-80
19:26:10.546;-80;-80;-58.5;-80;-80;-80;-80;-80
19:26:10.640;-80;-80;-57.5;-80;-80;-80;-80;-80
19:26:10.812;-80;-57;-80;-80;-80;-80;-80;-80
19:26:10.812;-80;-80;-59;-80;-80;-80;-80;-80
19:26:10.890;-80;-80;-56;-80;-80;-80;-80;-80
19:26:11.109;-80;-53;-80;-80;-80;-80;-80;-80
19:26:11.296;-59.5;-80;-80;-80;-80;-80;-80;-80
19:26:11.390;-80;-57;-80;-80;-80;-80;-80;-80
19:26:11.546;-59.5;-80;-80;-80;-80;-80;-80;-80
19:26:11.546;-80;-80;-59;-80;-80;-80;-80;-80
19:26:11.640;-80;-57.5;-80;-80;-80;-80;-80;-80
19:26:11.640;-80;-80;-56.5;-80;-80;-80;-80;-80
19:26:11.812;-50;-80;-80;-80;-80;-80;-80;-80
19:26:11.812;-80;-80;-57;-80;-80;-80;-80;-80
19:26:11.890;-80;-57;-80;-80;-80;-80;-80;-80
19:26:12.062;-46.5;-80;-80;-80;-80;-80;-80;-80
19:26:12.062;-80;-80;-59;-80;-80;-80;-80;-80
19:26:12.140;-80;-59.5;-80;-80;-80;-80;-80;-80
19:26:12.328;-80;-60;-80;-80;-80;-80;-80;-80
19:26:12.390;-49;-80;-80;-80;-80;-80;-80;-80
19:26:12.390;-80;-59.5;-80;-80;-80;-80;-80;-80
19:26:12.593;-80;-60;-80;-80;-80;-80;-80;-80
19:26:12.593;-80;-80;-60.5;-80;-80;-80;-80;-80
19:26:12.640;-52;-80;-80;-80;-80;-80;-80;-80
19:26:12.843;-53;-80;-80;-80;-80;-80;-80;-80
19:26:12.890;-52.5;-80;-80;-80;-80;-80;-80;-80
19:26:13.078;-80;-59;-80;-80;-80;-80;-80;-80
19:26:13.093;-80;-80;-57.5;-80;-80;-80;-80;-80
19:26:13.312;-55;-80;-80;-80;-80;-80;-80;-80
19:26:13.312;-80;-80;-56.5;-80;-80;-80;-80;-80
19:26:13.390;-80;-80;-56;-80;-80;-80;-80;-80
19:26:13.515;-49.5;-80;-80;-80;-80;-80;-80;-80
19:26:13.515;-80;-80;-80;-60.5;-80;-80;-80;-80
19:26:13.640;-80;-59.5;-80;-80;-80;-80;-80;-80
19:26:13.812;-45;-80;-80;-80;-80;-80;-80;-80
19:26:13.890;-80;-60;-80;-80;-80;-80;-80;-80
19:26:14.046;-50.5;-80;-80;-80;-80;-80;-80;-80
19:26:14.046;-80;-80;-80;-57.5;-80;-80;-80;-80
19:26:14.140;-50.5;-80;-80;-80;-80;-80;-80;-80
19:26:14.140;-80;-55;-80;-80;-80;-80;-80;-80
19:26:14.343;-80;-56.5;-80;-80;-80;-80;-80;-80
19:26:14.343;-80;-80;-80;-55.5;-80;-80;-80;-80
19:26:14.546;-55.5;-80;-80;-80;-80;-80;-80;-80
19:26:14.546;-80;-56;-80;-80;-80;-80;-80;-80
19:26:14.828;-80;-55;-80;-80;-80;-80;-80;-80
19:26:14.890;-80;-53.5;-80;-80;-80;-80;-80;-80
19:26:15.046;-80;-54;-80;-80;-80;-80;-80;-80
19:26:15.046;-80;-80;-80;-50.5;-80;-80;-80;-80
19:26:15.281;-80;-80;-80;-56;-80;-80;-80;-80
19:26:15.546;-80;-80;-55;-80;-80;-80;-80;-80
19:26:15.546;-80;-80;-80;-53.5;-80;-80;-80;-80
19:26:15.890;-80;-80;-80;-57.5;-80;-80;-80;-80
19:26:16.046;-80;-57;-80;-80;-80;-80;-80;-80
19:26:16.234;-80;-55;-80;-80;-80;-80;-80;-80
19:26:16.390;-80;-80;-56.5;-80;-80;-80;-80;-80
19:26:16.484;-80;-55.5;-80;-80;-80;-80;-80;-80
19:26:16.484;-80;-80;-57;-80;-80;-80;-80;-80
19:26:16.640;-80;-80;-57;-80;-80;-80;-80;-80
19:26:17.000;-80;-54.5;-80;-80;-80;-80;-80;-80
19:26:17.281;-80;-55.5;-80;-80;-80;-80;-80;-80
19:26:17.281;-80;-80;-55.5;-80;-80;-80;-80;-80
19:26:17.546;-80;-53;-80;-80;-80;-80;-80;-80
19:26:17.562;-80;-80;-54;-80;-80;-80;-80;-80
19:26:17.781;-55;-80;-80;-80;-80;-80;-80;-80
19:26:17.781;-80;-54.5;-80;-80;-80;-80;-80;-80
19:26:18.078;-80;-55;-80;-80;-80;-80;-80;-80
19:26:18.296;-80;-54.5;-80;-80;-80;-80;-80;-80
19:26:18.546;-57;-80;-80;-80;-80;-80;-80;-80
19:26:18.546;-80;-53;-80;-80;-80;-80;-80;-80
19:26:18.640;-80;-53;-80;-80;-80;-80;-80;-80
19:26:18.640;-80;-80;-54.5;-80;-80;-80;-80;-80
19:26:18.796;-80;-52;-80;-80;-80;-80;-80;-80
19:26:18.890;-80;-54.5;-80;-80;-80;-80;-80;-80
19:26:19.062;-80;-54.5;-80;-80;-80;-80;-80;-80
19:26:19.140;-80;-54.5;-80;-80;-80;-80;-80;-80
19:26:19.343;-80;-53.5;-80;-80;-80;-80;-80;-80
19:26:19.390;-80;-53.5;-80;-80;-80;-80;-80;-80
19:26:19.578;-80;-80;-54.5;-80;-80;-80;-80;-80
19:26:19.781;-80;-55;-80;-80;-80;-80;-80;-80
19:26:19.781;-80;-80;-52;-80;-80;-80;-80;-80
19:26:20.031;-80;-54.5;-80;-80;-80;-80;-80;-80
19:26:20.031;-80;-80;-56;-80;-80;-80;-80;-80
19:26:20.250;-55.5;-80;-80;-80;-80;-80;-80;-80
19:26:20.250;-80;-53.5;-80;-80;-80;-80;-80;-80
19:26:20.250;-80;-80;-54.5;-80;-80;-80;-80;-80
19:26:20.390;-80;-80;-55;-80;-80;-80;-80;-80
19:26:20.484;-55;-80;-80;-80;-80;-80;-80;-80
19:26:20.484;-80;-53.5;-80;-80;-80;-80;-80;-80
19:26:20.640;-80;-80;-56;-80;-80;-80;-80;-80
19:26:20.781;-80;-54;-80;-80;-80;-80;-80;-80
19:26:20.890;-80;-80;-57;-80;-80;-80;-80;-80
19:26:21.140;-80;-80;-56.5;-80;-80;-80;-80;-80
19:26:21.312;-80;-80;-56;-80;-80;-80;-80;-80
19:26:21.390;-80;-80;-52.5;-80;-80;-80;-80;-80
19:26:21.546;-54;-80;-80;-80;-80;-80;-80;-80
19:26:21.546;-80;-80;-53.5;-80;-80;-80;-80;-80
19:26:21.640;-54.5;-80;-80;-80;-80;-80;-80;-80
19:26:21.640;-80;-55;-80;-80;-80;-80;-80;-80
19:26:21.796;-80;-54.5;-80;-80;-80;-80;-80;-80
19:26:21.796;-80;-80;-54.5;-80;-80;-80;-80;-80
